{
    "input_file_path": "lstm_data\/input_seq_forecast_low_correlation_forecast_linear_interpolation.npy",
    "target_file_path": "lstm_data\/target_seq_forecast_low_correlation_forecast_linear_interpolation.npy",
    "results": [
        {
            "date": "2024-05-29",
            "predicted": 174432.59375,
            "actual": 138442.15625,
            "delta": 35990.4375,
            "mse": 2031156.0,
            "mae": 739.2975463867,
            "r2": 0.4167069145
        },
        {
            "date": "2024-05-30",
            "predicted": 137607.84375,
            "actual": 170470.875,
            "delta": -32863.03125,
            "mse": 966718.25,
            "mae": 570.7908325195,
            "r2": 0.7782086093
        },
        {
            "date": "2024-05-31",
            "predicted": 83149.9375,
            "actual": 132906.84375,
            "delta": -49756.90625,
            "mse": 1108405.625,
            "mae": 588.0822143555,
            "r2": 0.7171923806
        },
        {
            "date": "2024-06-01",
            "predicted": 173178.5,
            "actual": 162176.0625,
            "delta": 11002.4375,
            "mse": 713932.3125,
            "mae": 396.4514160156,
            "r2": 0.8210959387
        },
        {
            "date": "2024-06-02",
            "predicted": 173196.875,
            "actual": 166101.75,
            "delta": 7095.125,
            "mse": 432843.59375,
            "mae": 334.8176879883,
            "r2": 0.8938264055
        },
        {
            "date": "2024-06-03",
            "predicted": 181553.90625,
            "actual": 124057.7421875,
            "delta": 57496.1640625,
            "mse": 1667309.375,
            "mae": 708.42578125,
            "r2": 0.3991636238
        },
        {
            "date": "2024-06-04",
            "predicted": 196268.390625,
            "actual": 170794.5625,
            "delta": 25473.828125,
            "mse": 510795.65625,
            "mae": 401.7373046875,
            "r2": 0.8797768651
        },
        {
            "date": "2024-06-05",
            "predicted": 191337.875,
            "actual": 191839.6875,
            "delta": -501.8125,
            "mse": 80649.4453125,
            "mae": 181.6829833984,
            "r2": 0.9845023156
        },
        {
            "date": "2024-06-06",
            "predicted": 186785.8125,
            "actual": 185758.75,
            "delta": 1027.0625,
            "mse": 243605.890625,
            "mae": 301.9294433594,
            "r2": 0.9493893364
        }
    ]
}