date,value
2022-05-01 00:00:00,null
2022-05-01 00:15:00,null
2022-05-01 00:30:00,null
2022-05-01 00:45:00,null
2022-05-01 01:00:00,null
2022-05-01 01:15:00,null
2022-05-01 01:30:00,null
2022-05-01 01:45:00,null
2022-05-01 02:00:00,null
2022-05-01 02:15:00,null
2022-05-01 02:30:00,null
2022-05-01 02:45:00,null
2022-05-01 03:00:00,null
2022-05-01 03:15:00,null
2022-05-01 03:30:00,null
2022-05-01 03:45:00,null
2022-05-01 04:00:00,null
2022-05-01 04:15:00,null
2022-05-01 04:30:00,null
2022-05-01 04:45:00,null
2022-05-01 05:00:00,null
2022-05-01 05:15:00,null
2022-05-01 05:30:00,null
2022-05-01 05:45:00,0.0
2022-05-01 06:00:00,1.0
2022-05-01 06:15:00,42.0
2022-05-01 06:30:00,177.0
2022-05-01 06:45:00,170.0
2022-05-01 07:00:00,182.0
2022-05-01 07:15:00,440.0
2022-05-01 07:30:00,365.0
2022-05-01 07:45:00,474.0
2022-05-01 08:00:00,622.0
2022-05-01 08:15:00,721.0
2022-05-01 08:30:00,792.0
2022-05-01 08:45:00,831.0
2022-05-01 09:00:00,681.0
2022-05-01 09:15:00,696.0
2022-05-01 09:30:00,890.0
2022-05-01 09:45:00,930.0
2022-05-01 10:00:00,781.0
2022-05-01 10:15:00,803.0
2022-05-01 10:30:00,949.0
2022-05-01 10:45:00,1208.0
2022-05-01 11:00:00,1255.0
2022-05-01 11:15:00,966.0
2022-05-01 11:30:00,1292.0
2022-05-01 11:45:00,1131.0
2022-05-01 12:00:00,1021.0
2022-05-01 12:15:00,864.0
2022-05-01 12:30:00,859.0
2022-05-01 12:45:00,1520.0
2022-05-01 13:00:00,1543.0
2022-05-01 13:15:00,1531.0
2022-05-01 13:30:00,1486.0
2022-05-01 13:45:00,1462.0
2022-05-01 14:00:00,1439.0
2022-05-01 14:15:00,1401.0
2022-05-01 14:30:00,601.0
2022-05-01 14:45:00,625.0
2022-05-01 15:00:00,677.0
2022-05-01 15:15:00,502.0
2022-05-01 15:30:00,514.0
2022-05-01 15:45:00,408.0
2022-05-01 16:00:00,193.0
2022-05-01 16:15:00,257.0
2022-05-01 16:30:00,199.0
2022-05-01 16:45:00,163.0
2022-05-01 17:00:00,158.0
2022-05-01 17:15:00,206.0
2022-05-01 17:30:00,331.0
2022-05-01 17:45:00,318.0
2022-05-01 18:00:00,208.0
2022-05-01 18:15:00,95.0
2022-05-01 18:30:00,47.0
2022-05-01 18:45:00,34.0
2022-05-01 19:00:00,27.0
2022-05-01 19:15:00,20.0
2022-05-01 19:30:00,0.0
2022-05-01 19:45:00,0.0
2022-05-01 20:00:00,0.0
2022-05-01 20:15:00,null
2022-05-01 20:30:00,null
2022-05-01 20:45:00,null
2022-05-01 21:00:00,null
2022-05-01 21:15:00,null
2022-05-01 21:30:00,null
2022-05-01 21:45:00,null
2022-05-01 22:00:00,null
2022-05-01 22:15:00,null
2022-05-01 22:30:00,null
2022-05-01 22:45:00,null
2022-05-01 23:00:00,null
2022-05-01 23:15:00,null
2022-05-01 23:30:00,null
2022-05-01 23:45:00,null
2022-05-02 00:00:00,0.0
2022-05-02 00:15:00,null
2022-05-02 00:30:00,null
2022-05-02 00:45:00,null
2022-05-02 01:00:00,null
2022-05-02 01:15:00,null
2022-05-02 01:30:00,null
2022-05-02 01:45:00,null
2022-05-02 02:00:00,null
2022-05-02 02:15:00,null
2022-05-02 02:30:00,null
2022-05-02 02:45:00,null
2022-05-02 03:00:00,null
2022-05-02 03:15:00,null
2022-05-02 03:30:00,null
2022-05-02 03:45:00,null
2022-05-02 04:00:00,null
2022-05-02 04:15:00,null
2022-05-02 04:30:00,null
2022-05-02 04:45:00,null
2022-05-02 05:00:00,null
2022-05-02 05:15:00,null
2022-05-02 05:30:00,null
2022-05-02 05:45:00,null
2022-05-02 06:00:00,0.0
2022-05-02 06:15:00,0.0
2022-05-02 06:30:00,0.0
2022-05-02 06:45:00,0.0
2022-05-02 07:00:00,3.0
2022-05-02 07:15:00,11.0
2022-05-02 07:30:00,14.0
2022-05-02 07:45:00,28.0
2022-05-02 08:00:00,60.0
2022-05-02 08:15:00,85.0
2022-05-02 08:30:00,90.0
2022-05-02 08:45:00,171.0
2022-05-02 09:00:00,213.0
2022-05-02 09:15:00,200.0
2022-05-02 09:30:00,278.0
2022-05-02 09:45:00,264.0
2022-05-02 10:00:00,375.0
2022-05-02 10:15:00,277.0
2022-05-02 10:30:00,222.0
2022-05-02 10:45:00,514.0
2022-05-02 11:00:00,455.0
2022-05-02 11:15:00,905.0
2022-05-02 11:30:00,570.0
2022-05-02 11:45:00,573.0
2022-05-02 12:00:00,921.0
2022-05-02 12:15:00,627.0
2022-05-02 12:30:00,608.0
2022-05-02 12:45:00,395.0
2022-05-02 13:00:00,329.0
2022-05-02 13:15:00,355.0
2022-05-02 13:30:00,252.0
2022-05-02 13:45:00,446.0
2022-05-02 14:00:00,698.0
2022-05-02 14:15:00,535.0
2022-05-02 14:30:00,385.0
2022-05-02 14:45:00,314.0
2022-05-02 15:00:00,260.0
2022-05-02 15:15:00,289.0
2022-05-02 15:30:00,414.0
2022-05-02 15:45:00,474.0
2022-05-02 16:00:00,462.0
2022-05-02 16:15:00,527.0
2022-05-02 16:30:00,493.0
2022-05-02 16:45:00,445.0
2022-05-02 17:00:00,355.0
2022-05-02 17:15:00,269.0
2022-05-02 17:30:00,114.0
2022-05-02 17:45:00,81.0
2022-05-02 18:00:00,72.0
2022-05-02 18:15:00,58.0
2022-05-02 18:30:00,40.0
2022-05-02 18:45:00,23.0
2022-05-02 19:00:00,9.0
2022-05-02 19:15:00,0.0
2022-05-02 19:30:00,0.0
2022-05-02 19:45:00,0.0
2022-05-02 20:00:00,null
2022-05-02 20:15:00,null
2022-05-02 20:30:00,null
2022-05-02 20:45:00,null
2022-05-02 21:00:00,null
2022-05-02 21:15:00,null
2022-05-02 21:30:00,null
2022-05-02 21:45:00,null
2022-05-02 22:00:00,null
2022-05-02 22:15:00,null
2022-05-02 22:30:00,null
2022-05-02 22:45:00,null
2022-05-02 23:00:00,null
2022-05-02 23:15:00,null
2022-05-02 23:30:00,null
2022-05-02 23:45:00,null
2022-05-03 00:00:00,null
2022-05-03 00:15:00,null
2022-05-03 00:30:00,null
2022-05-03 00:45:00,null
2022-05-03 01:00:00,null
2022-05-03 01:15:00,null
2022-05-03 01:30:00,null
2022-05-03 01:45:00,null
2022-05-03 02:00:00,null
2022-05-03 02:15:00,null
2022-05-03 02:30:00,null
2022-05-03 02:45:00,null
2022-05-03 03:00:00,null
2022-05-03 03:15:00,null
2022-05-03 03:30:00,null
2022-05-03 03:45:00,null
2022-05-03 04:00:00,null
2022-05-03 04:15:00,null
2022-05-03 04:30:00,null
2022-05-03 04:45:00,null
2022-05-03 05:00:00,null
2022-05-03 05:15:00,null
2022-05-03 05:30:00,null
2022-05-03 05:45:00,0.0
2022-05-03 06:00:00,0.0
2022-05-03 06:15:00,15.0
2022-05-03 06:30:00,43.0
2022-05-03 06:45:00,59.0
2022-05-03 07:00:00,95.0
2022-05-03 07:15:00,195.0
2022-05-03 07:30:00,453.0
2022-05-03 07:45:00,351.0
2022-05-03 08:00:00,578.0
2022-05-03 08:15:00,630.0
2022-05-03 08:30:00,542.0
2022-05-03 08:45:00,887.0
2022-05-03 09:00:00,750.0
2022-05-03 09:15:00,789.0
2022-05-03 09:30:00,842.0
2022-05-03 09:45:00,1057.0
2022-05-03 10:00:00,657.0
2022-05-03 10:15:00,577.0
2022-05-03 10:30:00,540.0
2022-05-03 10:45:00,609.0
2022-05-03 11:00:00,663.0
2022-05-03 11:15:00,990.0
2022-05-03 11:30:00,1462.0
2022-05-03 11:45:00,1497.0
2022-05-03 12:00:00,1267.0
2022-05-03 12:15:00,939.0
2022-05-03 12:30:00,1491.0
2022-05-03 12:45:00,1529.0
2022-05-03 13:00:00,1526.0
2022-05-03 13:15:00,1528.0
2022-05-03 13:30:00,1462.0
2022-05-03 13:45:00,1440.0
2022-05-03 14:00:00,1502.0
2022-05-03 14:15:00,1400.0
2022-05-03 14:30:00,1254.0
2022-05-03 14:45:00,725.0
2022-05-03 15:00:00,1023.0
2022-05-03 15:15:00,1092.0
2022-05-03 15:30:00,678.0
2022-05-03 15:45:00,392.0
2022-05-03 16:00:00,473.0
2022-05-03 16:15:00,441.0
2022-05-03 16:30:00,570.0
2022-05-03 16:45:00,349.0
2022-05-03 17:00:00,191.0
2022-05-03 17:15:00,155.0
2022-05-03 17:30:00,170.0
2022-05-03 17:45:00,183.0
2022-05-03 18:00:00,113.0
2022-05-03 18:15:00,185.0
2022-05-03 18:30:00,141.0
2022-05-03 18:45:00,118.0
2022-05-03 19:00:00,46.0
2022-05-03 19:15:00,19.0
2022-05-03 19:30:00,0.0
2022-05-03 19:45:00,0.0
2022-05-03 20:00:00,null
2022-05-03 20:15:00,null
2022-05-03 20:30:00,null
2022-05-03 20:45:00,null
2022-05-03 21:00:00,null
2022-05-03 21:15:00,null
2022-05-03 21:30:00,null
2022-05-03 21:45:00,null
2022-05-03 22:00:00,null
2022-05-03 22:15:00,null
2022-05-03 22:30:00,null
2022-05-03 22:45:00,null
2022-05-03 23:00:00,null
2022-05-03 23:15:00,null
2022-05-03 23:30:00,null
2022-05-03 23:45:00,null
2022-05-04 00:00:00,null
2022-05-04 00:15:00,null
2022-05-04 00:30:00,null
2022-05-04 00:45:00,null
2022-05-04 01:00:00,null
2022-05-04 01:15:00,null
2022-05-04 01:30:00,null
2022-05-04 01:45:00,null
2022-05-04 02:00:00,0.0
2022-05-04 02:15:00,null
2022-05-04 02:30:00,null
2022-05-04 02:45:00,null
2022-05-04 03:00:00,null
2022-05-04 03:15:00,null
2022-05-04 03:30:00,null
2022-05-04 03:45:00,null
2022-05-04 04:00:00,null
2022-05-04 04:15:00,null
2022-05-04 04:30:00,null
2022-05-04 04:45:00,null
2022-05-04 05:00:00,null
2022-05-04 05:15:00,null
2022-05-04 05:30:00,null
2022-05-04 05:45:00,null
2022-05-04 06:00:00,0.0
2022-05-04 06:15:00,0.0
2022-05-04 06:30:00,0.0
2022-05-04 06:45:00,0.0
2022-05-04 07:00:00,0.0
2022-05-04 07:15:00,0.0
2022-05-04 07:30:00,5.0
2022-05-04 07:45:00,1.0
2022-05-04 08:00:00,4.0
2022-05-04 08:15:00,50.0
2022-05-04 08:30:00,34.0
2022-05-04 08:45:00,68.0
2022-05-04 09:00:00,43.0
2022-05-04 09:15:00,80.0
2022-05-04 09:30:00,96.0
2022-05-04 09:45:00,78.0
2022-05-04 10:00:00,94.0
2022-05-04 10:15:00,101.0
2022-05-04 10:30:00,139.0
2022-05-04 10:45:00,156.0
2022-05-04 11:00:00,151.0
2022-05-04 11:15:00,139.0
2022-05-04 11:30:00,196.0
2022-05-04 11:45:00,224.0
2022-05-04 12:00:00,215.0
2022-05-04 12:15:00,358.0
2022-05-04 12:30:00,474.0
2022-05-04 12:45:00,622.0
2022-05-04 13:00:00,755.0
2022-05-04 13:15:00,901.0
2022-05-04 13:30:00,1055.0
2022-05-04 13:45:00,950.0
2022-05-04 14:00:00,1020.0
2022-05-04 14:15:00,730.0
2022-05-04 14:30:00,738.0
2022-05-04 14:45:00,969.0
2022-05-04 15:00:00,945.0
2022-05-04 15:15:00,913.0
2022-05-04 15:30:00,660.0
2022-05-04 15:45:00,571.0
2022-05-04 16:00:00,537.0
2022-05-04 16:15:00,665.0
2022-05-04 16:30:00,902.0
2022-05-04 16:45:00,625.0
2022-05-04 17:00:00,584.0
2022-05-04 17:15:00,427.0
2022-05-04 17:30:00,336.0
2022-05-04 17:45:00,216.0
2022-05-04 18:00:00,128.0
2022-05-04 18:15:00,177.0
2022-05-04 18:30:00,108.0
2022-05-04 18:45:00,160.0
2022-05-04 19:00:00,112.0
2022-05-04 19:15:00,124.0
2022-05-04 19:30:00,47.0
2022-05-04 19:45:00,9.0
2022-05-04 20:00:00,0.0
2022-05-04 20:15:00,null
2022-05-04 20:30:00,null
2022-05-04 20:45:00,null
2022-05-04 21:00:00,null
2022-05-04 21:15:00,null
2022-05-04 21:30:00,null
2022-05-04 21:45:00,null
2022-05-04 22:00:00,0.0
2022-05-04 22:15:00,null
2022-05-04 22:30:00,null
2022-05-04 22:45:00,null
2022-05-04 23:00:00,null
2022-05-04 23:15:00,null
2022-05-04 23:30:00,null
2022-05-04 23:45:00,null
2022-05-05 00:00:00,null
2022-05-05 00:15:00,null
2022-05-05 00:30:00,null
2022-05-05 00:45:00,null
2022-05-05 01:00:00,null
2022-05-05 01:15:00,null
2022-05-05 01:30:00,null
2022-05-05 01:45:00,null
2022-05-05 02:00:00,null
2022-05-05 02:15:00,null
2022-05-05 02:30:00,null
2022-05-05 02:45:00,null
2022-05-05 03:00:00,null
2022-05-05 03:15:00,null
2022-05-05 03:30:00,null
2022-05-05 03:45:00,null
2022-05-05 04:00:00,null
2022-05-05 04:15:00,null
2022-05-05 04:30:00,null
2022-05-05 04:45:00,null
2022-05-05 05:00:00,null
2022-05-05 05:15:00,null
2022-05-05 05:30:00,null
2022-05-05 05:45:00,0.0
2022-05-05 06:00:00,0.0
2022-05-05 06:15:00,7.0
2022-05-05 06:30:00,51.0
2022-05-05 06:45:00,97.0
2022-05-05 07:00:00,129.0
2022-05-05 07:15:00,175.0
2022-05-05 07:30:00,221.0
2022-05-05 07:45:00,179.0
2022-05-05 08:00:00,217.0
2022-05-05 08:15:00,286.0
2022-05-05 08:30:00,352.0
2022-05-05 08:45:00,477.0
2022-05-05 09:00:00,584.0
2022-05-05 09:15:00,758.0
2022-05-05 09:30:00,1061.0
2022-05-05 09:45:00,1224.0
2022-05-05 10:00:00,1251.0
2022-05-05 10:15:00,1305.0
2022-05-05 10:30:00,1327.0
2022-05-05 10:45:00,1375.0
2022-05-05 11:00:00,1405.0
2022-05-05 11:15:00,1436.0
2022-05-05 11:30:00,1476.0
2022-05-05 11:45:00,1486.0
2022-05-05 12:00:00,1492.0
2022-05-05 12:15:00,1502.0
2022-05-05 12:30:00,1513.0
2022-05-05 12:45:00,1510.0
2022-05-05 13:00:00,1511.0
2022-05-05 13:15:00,1497.0
2022-05-05 13:30:00,1480.0
2022-05-05 13:45:00,1466.0
2022-05-05 14:00:00,1434.0
2022-05-05 14:15:00,1429.0
2022-05-05 14:30:00,998.0
2022-05-05 14:45:00,1135.0
2022-05-05 15:00:00,916.0
2022-05-05 15:15:00,532.0
2022-05-05 15:30:00,1290.0
2022-05-05 15:45:00,1257.0
2022-05-05 16:00:00,1047.0
2022-05-05 16:15:00,952.0
2022-05-05 16:30:00,844.0
2022-05-05 16:45:00,762.0
2022-05-05 17:00:00,649.0
2022-05-05 17:15:00,532.0
2022-05-05 17:30:00,418.0
2022-05-05 17:45:00,294.0
2022-05-05 18:00:00,178.0
2022-05-05 18:15:00,121.0
2022-05-05 18:30:00,101.0
2022-05-05 18:45:00,93.0
2022-05-05 19:00:00,65.0
2022-05-05 19:15:00,33.0
2022-05-05 19:30:00,15.0
2022-05-05 19:45:00,0.0
2022-05-05 20:00:00,0.0
2022-05-05 20:15:00,null
2022-05-05 20:30:00,null
2022-05-05 20:45:00,null
2022-05-05 21:00:00,null
2022-05-05 21:15:00,null
2022-05-05 21:30:00,null
2022-05-05 21:45:00,null
2022-05-05 22:00:00,null
2022-05-05 22:15:00,null
2022-05-05 22:30:00,null
2022-05-05 22:45:00,null
2022-05-05 23:00:00,null
2022-05-05 23:15:00,null
2022-05-05 23:30:00,null
2022-05-05 23:45:00,null
2022-05-06 00:00:00,null
2022-05-06 00:15:00,null
2022-05-06 00:30:00,null
2022-05-06 00:45:00,null
2022-05-06 01:00:00,null
2022-05-06 01:15:00,null
2022-05-06 01:30:00,null
2022-05-06 01:45:00,null
2022-05-06 02:00:00,null
2022-05-06 02:15:00,null
2022-05-06 02:30:00,null
2022-05-06 02:45:00,null
2022-05-06 03:00:00,null
2022-05-06 03:15:00,null
2022-05-06 03:30:00,null
2022-05-06 03:45:00,null
2022-05-06 04:00:00,0.0
2022-05-06 04:15:00,null
2022-05-06 04:30:00,null
2022-05-06 04:45:00,null
2022-05-06 05:00:00,null
2022-05-06 05:15:00,null
2022-05-06 05:30:00,null
2022-05-06 05:45:00,0.0
2022-05-06 06:00:00,9.0
2022-05-06 06:15:00,52.0
2022-05-06 06:30:00,145.0
2022-05-06 06:45:00,318.0
2022-05-06 07:00:00,476.0
2022-05-06 07:15:00,526.0
2022-05-06 07:30:00,602.0
2022-05-06 07:45:00,654.0
2022-05-06 08:00:00,398.0
2022-05-06 08:15:00,449.0
2022-05-06 08:30:00,557.0
2022-05-06 08:45:00,679.0
2022-05-06 09:00:00,757.0
2022-05-06 09:15:00,802.0
2022-05-06 09:30:00,837.0
2022-05-06 09:45:00,934.0
2022-05-06 10:00:00,1003.0
2022-05-06 10:15:00,1094.0
2022-05-06 10:30:00,1262.0
2022-05-06 10:45:00,1250.0
2022-05-06 11:00:00,1234.0
2022-05-06 11:15:00,1181.0
2022-05-06 11:30:00,1299.0
2022-05-06 11:45:00,1370.0
2022-05-06 12:00:00,1328.0
2022-05-06 12:15:00,1303.0
2022-05-06 12:30:00,1111.0
2022-05-06 12:45:00,1151.0
2022-05-06 13:00:00,1319.0
2022-05-06 13:15:00,1361.0
2022-05-06 13:30:00,739.0
2022-05-06 13:45:00,475.0
2022-05-06 14:00:00,775.0
2022-05-06 14:15:00,1361.0
2022-05-06 14:30:00,1419.0
2022-05-06 14:45:00,1292.0
2022-05-06 15:00:00,1147.0
2022-05-06 15:15:00,1023.0
2022-05-06 15:30:00,963.0
2022-05-06 15:45:00,1140.0
2022-05-06 16:00:00,1053.0
2022-05-06 16:15:00,904.0
2022-05-06 16:30:00,822.0
2022-05-06 16:45:00,650.0
2022-05-06 17:00:00,555.0
2022-05-06 17:15:00,324.0
2022-05-06 17:30:00,379.0
2022-05-06 17:45:00,346.0
2022-05-06 18:00:00,269.0
2022-05-06 18:15:00,187.0
2022-05-06 18:30:00,202.0
2022-05-06 18:45:00,169.0
2022-05-06 19:00:00,116.0
2022-05-06 19:15:00,65.0
2022-05-06 19:30:00,26.0
2022-05-06 19:45:00,0.0
2022-05-06 20:00:00,0.0
2022-05-06 20:15:00,null
2022-05-06 20:30:00,null
2022-05-06 20:45:00,null
2022-05-06 21:00:00,null
2022-05-06 21:15:00,null
2022-05-06 21:30:00,null
2022-05-06 21:45:00,null
2022-05-06 22:00:00,null
2022-05-06 22:15:00,null
2022-05-06 22:30:00,null
2022-05-06 22:45:00,null
2022-05-06 23:00:00,null
2022-05-06 23:15:00,null
2022-05-06 23:30:00,null
2022-05-06 23:45:00,null
2022-05-07 00:00:00,0.0
2022-05-07 00:15:00,null
2022-05-07 00:30:00,null
2022-05-07 00:45:00,null
2022-05-07 01:00:00,null
2022-05-07 01:15:00,null
2022-05-07 01:30:00,null
2022-05-07 01:45:00,null
2022-05-07 02:00:00,null
2022-05-07 02:15:00,null
2022-05-07 02:30:00,null
2022-05-07 02:45:00,null
2022-05-07 03:00:00,null
2022-05-07 03:15:00,null
2022-05-07 03:30:00,null
2022-05-07 03:45:00,null
2022-05-07 04:00:00,null
2022-05-07 04:15:00,null
2022-05-07 04:30:00,null
2022-05-07 04:45:00,null
2022-05-07 05:00:00,null
2022-05-07 05:15:00,null
2022-05-07 05:30:00,0.0
2022-05-07 05:45:00,0.0
2022-05-07 06:00:00,6.0
2022-05-07 06:15:00,105.0
2022-05-07 06:30:00,241.0
2022-05-07 06:45:00,323.0
2022-05-07 07:00:00,407.0
2022-05-07 07:15:00,479.0
2022-05-07 07:30:00,515.0
2022-05-07 07:45:00,396.0
2022-05-07 08:00:00,574.0
2022-05-07 08:15:00,699.0
2022-05-07 08:30:00,805.0
2022-05-07 08:45:00,874.0
2022-05-07 09:00:00,1003.0
2022-05-07 09:15:00,742.0
2022-05-07 09:30:00,656.0
2022-05-07 09:45:00,903.0
2022-05-07 10:00:00,567.0
2022-05-07 10:15:00,727.0
2022-05-07 10:30:00,1082.0
2022-05-07 10:45:00,1332.0
2022-05-07 11:00:00,1514.0
2022-05-07 11:15:00,1215.0
2022-05-07 11:30:00,1063.0
2022-05-07 11:45:00,1254.0
2022-05-07 12:00:00,1377.0
2022-05-07 12:15:00,1521.0
2022-05-07 12:30:00,1291.0
2022-05-07 12:45:00,1539.0
2022-05-07 13:00:00,1542.0
2022-05-07 13:15:00,1184.0
2022-05-07 13:30:00,1091.0
2022-05-07 13:45:00,1393.0
2022-05-07 14:00:00,1368.0
2022-05-07 14:15:00,1039.0
2022-05-07 14:30:00,742.0
2022-05-07 14:45:00,953.0
2022-05-07 15:00:00,830.0
2022-05-07 15:15:00,1032.0
2022-05-07 15:30:00,1035.0
2022-05-07 15:45:00,725.0
2022-05-07 16:00:00,1134.0
2022-05-07 16:15:00,1040.0
2022-05-07 16:30:00,836.0
2022-05-07 16:45:00,804.0
2022-05-07 17:00:00,661.0
2022-05-07 17:15:00,537.0
2022-05-07 17:30:00,396.0
2022-05-07 17:45:00,205.0
2022-05-07 18:00:00,144.0
2022-05-07 18:15:00,111.0
2022-05-07 18:30:00,99.0
2022-05-07 18:45:00,122.0
2022-05-07 19:00:00,82.0
2022-05-07 19:15:00,29.0
2022-05-07 19:30:00,7.0
2022-05-07 19:45:00,0.0
2022-05-07 20:00:00,0.0
2022-05-07 20:15:00,null
2022-05-07 20:30:00,null
2022-05-07 20:45:00,null
2022-05-07 21:00:00,null
2022-05-07 21:15:00,null
2022-05-07 21:30:00,null
2022-05-07 21:45:00,null
2022-05-07 22:00:00,null
2022-05-07 22:15:00,null
2022-05-07 22:30:00,null
2022-05-07 22:45:00,null
2022-05-07 23:00:00,null
2022-05-07 23:15:00,null
2022-05-07 23:30:00,null
2022-05-07 23:45:00,null
2022-05-08 00:00:00,null
2022-05-08 00:15:00,null
2022-05-08 00:30:00,null
2022-05-08 00:45:00,null
2022-05-08 01:00:00,null
2022-05-08 01:15:00,null
2022-05-08 01:30:00,null
2022-05-08 01:45:00,null
2022-05-08 02:00:00,null
2022-05-08 02:15:00,null
2022-05-08 02:30:00,null
2022-05-08 02:45:00,null
2022-05-08 03:00:00,null
2022-05-08 03:15:00,null
2022-05-08 03:30:00,null
2022-05-08 03:45:00,null
2022-05-08 04:00:00,null
2022-05-08 04:15:00,null
2022-05-08 04:30:00,null
2022-05-08 04:45:00,null
2022-05-08 05:00:00,null
2022-05-08 05:15:00,null
2022-05-08 05:30:00,0.0
2022-05-08 05:45:00,0.0
2022-05-08 06:00:00,6.0
2022-05-08 06:15:00,61.0
2022-05-08 06:30:00,156.0
2022-05-08 06:45:00,250.0
2022-05-08 07:00:00,340.0
2022-05-08 07:15:00,415.0
2022-05-08 07:30:00,472.0
2022-05-08 07:45:00,350.0
2022-05-08 08:00:00,615.0
2022-05-08 08:15:00,717.0
2022-05-08 08:30:00,807.0
2022-05-08 08:45:00,884.0
2022-05-08 09:00:00,967.0
2022-05-08 09:15:00,1039.0
2022-05-08 09:30:00,1109.0
2022-05-08 09:45:00,1165.0
2022-05-08 10:00:00,1225.0
2022-05-08 10:15:00,1263.0
2022-05-08 10:30:00,1301.0
2022-05-08 10:45:00,1345.0
2022-05-08 11:00:00,1374.0
2022-05-08 11:15:00,1405.0
2022-05-08 11:30:00,1468.0
2022-05-08 11:45:00,1474.0
2022-05-08 12:00:00,1446.0
2022-05-08 12:15:00,1363.0
2022-05-08 12:30:00,1366.0
2022-05-08 12:45:00,1392.0
2022-05-08 13:00:00,1503.0
2022-05-08 13:15:00,1506.0
2022-05-08 13:30:00,1356.0
2022-05-08 13:45:00,1457.0
2022-05-08 14:00:00,1050.0
2022-05-08 14:15:00,1055.0
2022-05-08 14:30:00,951.0
2022-05-08 14:45:00,495.0
2022-05-08 15:00:00,663.0
2022-05-08 15:15:00,516.0
2022-05-08 15:30:00,444.0
2022-05-08 15:45:00,452.0
2022-05-08 16:00:00,421.0
2022-05-08 16:15:00,546.0
2022-05-08 16:30:00,590.0
2022-05-08 16:45:00,750.0
2022-05-08 17:00:00,618.0
2022-05-08 17:15:00,515.0
2022-05-08 17:30:00,481.0
2022-05-08 17:45:00,256.0
2022-05-08 18:00:00,295.0
2022-05-08 18:15:00,264.0
2022-05-08 18:30:00,202.0
2022-05-08 18:45:00,113.0
2022-05-08 19:00:00,65.0
2022-05-08 19:15:00,43.0
2022-05-08 19:30:00,19.0
2022-05-08 19:45:00,0.0
2022-05-08 20:00:00,0.0
2022-05-08 20:15:00,null
2022-05-08 20:30:00,null
2022-05-08 20:45:00,null
2022-05-08 21:00:00,null
2022-05-08 21:15:00,null
2022-05-08 21:30:00,null
2022-05-08 21:45:00,null
2022-05-08 22:00:00,null
2022-05-08 22:15:00,null
2022-05-08 22:30:00,null
2022-05-08 22:45:00,null
2022-05-08 23:00:00,null
2022-05-08 23:15:00,null
2022-05-08 23:30:00,null
2022-05-08 23:45:00,null
2022-05-09 00:00:00,0.0
2022-05-09 00:15:00,null
2022-05-09 00:30:00,null
2022-05-09 00:45:00,null
2022-05-09 01:00:00,null
2022-05-09 01:15:00,null
2022-05-09 01:30:00,null
2022-05-09 01:45:00,null
2022-05-09 02:00:00,null
2022-05-09 02:15:00,null
2022-05-09 02:30:00,null
2022-05-09 02:45:00,null
2022-05-09 03:00:00,null
2022-05-09 03:15:00,null
2022-05-09 03:30:00,null
2022-05-09 03:45:00,null
2022-05-09 04:00:00,null
2022-05-09 04:15:00,null
2022-05-09 04:30:00,null
2022-05-09 04:45:00,null
2022-05-09 05:00:00,null
2022-05-09 05:15:00,null
2022-05-09 05:30:00,0.0
2022-05-09 05:45:00,0.0
2022-05-09 06:00:00,9.0
2022-05-09 06:15:00,40.0
2022-05-09 06:30:00,57.0
2022-05-09 06:45:00,72.0
2022-05-09 07:00:00,135.0
2022-05-09 07:15:00,330.0
2022-05-09 07:30:00,380.0
2022-05-09 07:45:00,442.0
2022-05-09 08:00:00,435.0
2022-05-09 08:15:00,683.0
2022-05-09 08:30:00,822.0
2022-05-09 08:45:00,838.0
2022-05-09 09:00:00,975.0
2022-05-09 09:15:00,1050.0
2022-05-09 09:30:00,1124.0
2022-05-09 09:45:00,1134.0
2022-05-09 10:00:00,1269.0
2022-05-09 10:15:00,1310.0
2022-05-09 10:30:00,1353.0
2022-05-09 10:45:00,1384.0
2022-05-09 11:00:00,1417.0
2022-05-09 11:15:00,1445.0
2022-05-09 11:30:00,1460.0
2022-05-09 11:45:00,1473.0
2022-05-09 12:00:00,1483.0
2022-05-09 12:15:00,1490.0
2022-05-09 12:30:00,1490.0
2022-05-09 12:45:00,1497.0
2022-05-09 13:00:00,1492.0
2022-05-09 13:15:00,1476.0
2022-05-09 13:30:00,1459.0
2022-05-09 13:45:00,1441.0
2022-05-09 14:00:00,1409.0
2022-05-09 14:15:00,1376.0
2022-05-09 14:30:00,1350.0
2022-05-09 14:45:00,1310.0
2022-05-09 15:00:00,1253.0
2022-05-09 15:15:00,1203.0
2022-05-09 15:30:00,1142.0
2022-05-09 15:45:00,1069.0
2022-05-09 16:00:00,997.0
2022-05-09 16:15:00,905.0
2022-05-09 16:30:00,801.0
2022-05-09 16:45:00,714.0
2022-05-09 17:00:00,625.0
2022-05-09 17:15:00,526.0
2022-05-09 17:30:00,370.0
2022-05-09 17:45:00,199.0
2022-05-09 18:00:00,151.0
2022-05-09 18:15:00,122.0
2022-05-09 18:30:00,125.0
2022-05-09 18:45:00,91.0
2022-05-09 19:00:00,66.0
2022-05-09 19:15:00,44.0
2022-05-09 19:30:00,19.0
2022-05-09 19:45:00,0.0
2022-05-09 20:00:00,0.0
2022-05-09 20:15:00,null
2022-05-09 20:30:00,null
2022-05-09 20:45:00,null
2022-05-09 21:00:00,null
2022-05-09 21:15:00,null
2022-05-09 21:30:00,null
2022-05-09 21:45:00,null
2022-05-09 22:00:00,null
2022-05-09 22:15:00,null
2022-05-09 22:30:00,null
2022-05-09 22:45:00,null
2022-05-09 23:00:00,null
2022-05-09 23:15:00,null
2022-05-09 23:30:00,null
2022-05-09 23:45:00,null
2022-05-10 00:00:00,null
2022-05-10 00:15:00,null
2022-05-10 00:30:00,null
2022-05-10 00:45:00,null
2022-05-10 01:00:00,null
2022-05-10 01:15:00,null
2022-05-10 01:30:00,null
2022-05-10 01:45:00,null
2022-05-10 02:00:00,null
2022-05-10 02:15:00,null
2022-05-10 02:30:00,null
2022-05-10 02:45:00,null
2022-05-10 03:00:00,null
2022-05-10 03:15:00,null
2022-05-10 03:30:00,null
2022-05-10 03:45:00,null
2022-05-10 04:00:00,null
2022-05-10 04:15:00,null
2022-05-10 04:30:00,null
2022-05-10 04:45:00,null
2022-05-10 05:00:00,null
2022-05-10 05:15:00,null
2022-05-10 05:30:00,0.0
2022-05-10 05:45:00,0.0
2022-05-10 06:00:00,17.0
2022-05-10 06:15:00,105.0
2022-05-10 06:30:00,216.0
2022-05-10 06:45:00,307.0
2022-05-10 07:00:00,392.0
2022-05-10 07:15:00,462.0
2022-05-10 07:30:00,508.0
2022-05-10 07:45:00,575.0
2022-05-10 08:00:00,652.0
2022-05-10 08:15:00,758.0
2022-05-10 08:30:00,846.0
2022-05-10 08:45:00,922.0
2022-05-10 09:00:00,998.0
2022-05-10 09:15:00,1093.0
2022-05-10 09:30:00,1154.0
2022-05-10 09:45:00,1216.0
2022-05-10 10:00:00,1269.0
2022-05-10 10:15:00,1314.0
2022-05-10 10:30:00,1359.0
2022-05-10 10:45:00,1386.0
2022-05-10 11:00:00,1423.0
2022-05-10 11:15:00,1462.0
2022-05-10 11:30:00,1492.0
2022-05-10 11:45:00,1501.0
2022-05-10 12:00:00,1504.0
2022-05-10 12:15:00,1513.0
2022-05-10 12:30:00,1514.0
2022-05-10 12:45:00,1510.0
2022-05-10 13:00:00,1500.0
2022-05-10 13:15:00,1493.0
2022-05-10 13:30:00,1477.0
2022-05-10 13:45:00,1482.0
2022-05-10 14:00:00,1443.0
2022-05-10 14:15:00,1400.0
2022-05-10 14:30:00,1368.0
2022-05-10 14:45:00,1330.0
2022-05-10 15:00:00,1286.0
2022-05-10 15:15:00,1221.0
2022-05-10 15:30:00,1127.0
2022-05-10 15:45:00,1090.0
2022-05-10 16:00:00,1013.0
2022-05-10 16:15:00,920.0
2022-05-10 16:30:00,822.0
2022-05-10 16:45:00,733.0
2022-05-10 17:00:00,627.0
2022-05-10 17:15:00,517.0
2022-05-10 17:30:00,391.0
2022-05-10 17:45:00,192.0
2022-05-10 18:00:00,117.0
2022-05-10 18:15:00,86.0
2022-05-10 18:30:00,69.0
2022-05-10 18:45:00,60.0
2022-05-10 19:00:00,37.0
2022-05-10 19:15:00,31.0
2022-05-10 19:30:00,18.0
2022-05-10 19:45:00,1.0
2022-05-10 20:00:00,0.0
2022-05-10 20:15:00,null
2022-05-10 20:30:00,null
2022-05-10 20:45:00,null
2022-05-10 21:00:00,null
2022-05-10 21:15:00,null
2022-05-10 21:30:00,null
2022-05-10 21:45:00,null
2022-05-10 22:00:00,null
2022-05-10 22:15:00,null
2022-05-10 22:30:00,null
2022-05-10 22:45:00,null
2022-05-10 23:00:00,null
2022-05-10 23:15:00,null
2022-05-10 23:30:00,null
2022-05-10 23:45:00,null
2022-05-11 00:00:00,0.0
2022-05-11 00:15:00,null
2022-05-11 00:30:00,null
2022-05-11 00:45:00,null
2022-05-11 01:00:00,null
2022-05-11 01:15:00,null
2022-05-11 01:30:00,null
2022-05-11 01:45:00,null
2022-05-11 02:00:00,null
2022-05-11 02:15:00,null
2022-05-11 02:30:00,null
2022-05-11 02:45:00,null
2022-05-11 03:00:00,null
2022-05-11 03:15:00,null
2022-05-11 03:30:00,null
2022-05-11 03:45:00,null
2022-05-11 04:00:00,null
2022-05-11 04:15:00,null
2022-05-11 04:30:00,null
2022-05-11 04:45:00,null
2022-05-11 05:00:00,null
2022-05-11 05:15:00,null
2022-05-11 05:30:00,0.0
2022-05-11 05:45:00,0.0
2022-05-11 06:00:00,5.0
2022-05-11 06:15:00,89.0
2022-05-11 06:30:00,178.0
2022-05-11 06:45:00,296.0
2022-05-11 07:00:00,383.0
2022-05-11 07:15:00,500.0
2022-05-11 07:30:00,484.0
2022-05-11 07:45:00,474.0
2022-05-11 08:00:00,675.0
2022-05-11 08:15:00,709.0
2022-05-11 08:30:00,918.0
2022-05-11 08:45:00,690.0
2022-05-11 09:00:00,967.0
2022-05-11 09:15:00,1047.0
2022-05-11 09:30:00,1175.0
2022-05-11 09:45:00,1192.0
2022-05-11 10:00:00,1267.0
2022-05-11 10:15:00,1302.0
2022-05-11 10:30:00,1338.0
2022-05-11 10:45:00,1369.0
2022-05-11 11:00:00,1389.0
2022-05-11 11:15:00,1409.0
2022-05-11 11:30:00,1430.0
2022-05-11 11:45:00,1429.0
2022-05-11 12:00:00,1437.0
2022-05-11 12:15:00,1498.0
2022-05-11 12:30:00,1464.0
2022-05-11 12:45:00,1451.0
2022-05-11 13:00:00,1478.0
2022-05-11 13:15:00,1464.0
2022-05-11 13:30:00,1455.0
2022-05-11 13:45:00,1431.0
2022-05-11 14:00:00,1349.0
2022-05-11 14:15:00,1214.0
2022-05-11 14:30:00,1057.0
2022-05-11 14:45:00,1121.0
2022-05-11 15:00:00,1248.0
2022-05-11 15:15:00,731.0
2022-05-11 15:30:00,835.0
2022-05-11 15:45:00,608.0
2022-05-11 16:00:00,892.0
2022-05-11 16:15:00,737.0
2022-05-11 16:30:00,640.0
2022-05-11 16:45:00,812.0
2022-05-11 17:00:00,477.0
2022-05-11 17:15:00,588.0
2022-05-11 17:30:00,330.0
2022-05-11 17:45:00,181.0
2022-05-11 18:00:00,174.0
2022-05-11 18:15:00,133.0
2022-05-11 18:30:00,86.0
2022-05-11 18:45:00,72.0
2022-05-11 19:00:00,45.0
2022-05-11 19:15:00,33.0
2022-05-11 19:30:00,13.0
2022-05-11 19:45:00,0.0
2022-05-11 20:00:00,0.0
2022-05-11 20:15:00,0.0
2022-05-11 20:30:00,null
2022-05-11 20:45:00,null
2022-05-11 21:00:00,null
2022-05-11 21:15:00,null
2022-05-11 21:30:00,null
2022-05-11 21:45:00,null
2022-05-11 22:00:00,null
2022-05-11 22:15:00,null
2022-05-11 22:30:00,null
2022-05-11 22:45:00,null
2022-05-11 23:00:00,null
2022-05-11 23:15:00,null
2022-05-11 23:30:00,null
2022-05-11 23:45:00,null
2022-05-12 00:00:00,null
2022-05-12 00:15:00,null
2022-05-12 00:30:00,null
2022-05-12 00:45:00,null
2022-05-12 01:00:00,null
2022-05-12 01:15:00,null
2022-05-12 01:30:00,null
2022-05-12 01:45:00,null
2022-05-12 02:00:00,null
2022-05-12 02:15:00,null
2022-05-12 02:30:00,null
2022-05-12 02:45:00,null
2022-05-12 03:00:00,null
2022-05-12 03:15:00,null
2022-05-12 03:30:00,null
2022-05-12 03:45:00,null
2022-05-12 04:00:00,null
2022-05-12 04:15:00,null
2022-05-12 04:30:00,null
2022-05-12 04:45:00,null
2022-05-12 05:00:00,null
2022-05-12 05:15:00,null
2022-05-12 05:30:00,0.0
2022-05-12 05:45:00,0.0
2022-05-12 06:00:00,18.0
2022-05-12 06:15:00,108.0
2022-05-12 06:30:00,133.0
2022-05-12 06:45:00,347.0
2022-05-12 07:00:00,397.0
2022-05-12 07:15:00,483.0
2022-05-12 07:30:00,511.0
2022-05-12 07:45:00,601.0
2022-05-12 08:00:00,287.0
2022-05-12 08:15:00,787.0
2022-05-12 08:30:00,836.0
2022-05-12 08:45:00,919.0
2022-05-12 09:00:00,991.0
2022-05-12 09:15:00,1059.0
2022-05-12 09:30:00,1104.0
2022-05-12 09:45:00,1144.0
2022-05-12 10:00:00,1246.0
2022-05-12 10:15:00,1322.0
2022-05-12 10:30:00,1388.0
2022-05-12 10:45:00,1453.0
2022-05-12 11:00:00,1494.0
2022-05-12 11:15:00,1508.0
2022-05-12 11:30:00,1537.0
2022-05-12 11:45:00,1545.0
2022-05-12 12:00:00,1543.0
2022-05-12 12:15:00,1544.0
2022-05-12 12:30:00,1546.0
2022-05-12 12:45:00,1544.0
2022-05-12 13:00:00,1543.0
2022-05-12 13:15:00,1544.0
2022-05-12 13:30:00,1540.0
2022-05-12 13:45:00,1528.0
2022-05-12 14:00:00,1501.0
2022-05-12 14:15:00,1462.0
2022-05-12 14:30:00,1429.0
2022-05-12 14:45:00,1383.0
2022-05-12 15:00:00,1330.0
2022-05-12 15:15:00,1273.0
2022-05-12 15:30:00,1200.0
2022-05-12 15:45:00,1128.0
2022-05-12 16:00:00,1057.0
2022-05-12 16:15:00,970.0
2022-05-12 16:30:00,868.0
2022-05-12 16:45:00,778.0
2022-05-12 17:00:00,664.0
2022-05-12 17:15:00,536.0
2022-05-12 17:30:00,384.0
2022-05-12 17:45:00,165.0
2022-05-12 18:00:00,99.0
2022-05-12 18:15:00,71.0
2022-05-12 18:30:00,61.0
2022-05-12 18:45:00,53.0
2022-05-12 19:00:00,44.0
2022-05-12 19:15:00,34.0
2022-05-12 19:30:00,19.0
2022-05-12 19:45:00,3.0
2022-05-12 20:00:00,0.0
2022-05-12 20:15:00,0.0
2022-05-12 20:30:00,null
2022-05-12 20:45:00,null
2022-05-12 21:00:00,null
2022-05-12 21:15:00,null
2022-05-12 21:30:00,null
2022-05-12 21:45:00,null
2022-05-12 22:00:00,null
2022-05-12 22:15:00,null
2022-05-12 22:30:00,null
2022-05-12 22:45:00,null
2022-05-12 23:00:00,null
2022-05-12 23:15:00,null
2022-05-12 23:30:00,null
2022-05-12 23:45:00,null
2022-05-13 00:00:00,0.0
2022-05-13 00:15:00,null
2022-05-13 00:30:00,null
2022-05-13 00:45:00,null
2022-05-13 01:00:00,null
2022-05-13 01:15:00,null
2022-05-13 01:30:00,null
2022-05-13 01:45:00,null
2022-05-13 02:00:00,null
2022-05-13 02:15:00,null
2022-05-13 02:30:00,null
2022-05-13 02:45:00,null
2022-05-13 03:00:00,null
2022-05-13 03:15:00,null
2022-05-13 03:30:00,null
2022-05-13 03:45:00,null
2022-05-13 04:00:00,null
2022-05-13 04:15:00,null
2022-05-13 04:30:00,null
2022-05-13 04:45:00,null
2022-05-13 05:00:00,null
2022-05-13 05:15:00,null
2022-05-13 05:30:00,0.0
2022-05-13 05:45:00,0.0
2022-05-13 06:00:00,17.0
2022-05-13 06:15:00,132.0
2022-05-13 06:30:00,237.0
2022-05-13 06:45:00,328.0
2022-05-13 07:00:00,428.0
2022-05-13 07:15:00,491.0
2022-05-13 07:30:00,521.0
2022-05-13 07:45:00,597.0
2022-05-13 08:00:00,672.0
2022-05-13 08:15:00,766.0
2022-05-13 08:30:00,843.0
2022-05-13 08:45:00,910.0
2022-05-13 09:00:00,995.0
2022-05-13 09:15:00,1067.0
2022-05-13 09:30:00,1122.0
2022-05-13 09:45:00,1184.0
2022-05-13 10:00:00,1236.0
2022-05-13 10:15:00,1282.0
2022-05-13 10:30:00,1333.0
2022-05-13 10:45:00,1381.0
2022-05-13 11:00:00,1414.0
2022-05-13 11:15:00,1447.0
2022-05-13 11:30:00,1461.0
2022-05-13 11:45:00,1482.0
2022-05-13 12:00:00,1487.0
2022-05-13 12:15:00,1493.0
2022-05-13 12:30:00,1503.0
2022-05-13 12:45:00,1512.0
2022-05-13 13:00:00,1507.0
2022-05-13 13:15:00,1496.0
2022-05-13 13:30:00,1377.0
2022-05-13 13:45:00,1330.0
2022-05-13 14:00:00,1409.0
2022-05-13 14:15:00,1392.0
2022-05-13 14:30:00,1370.0
2022-05-13 14:45:00,1318.0
2022-05-13 15:00:00,1307.0
2022-05-13 15:15:00,1259.0
2022-05-13 15:30:00,1200.0
2022-05-13 15:45:00,1097.0
2022-05-13 16:00:00,1045.0
2022-05-13 16:15:00,923.0
2022-05-13 16:30:00,850.0
2022-05-13 16:45:00,718.0
2022-05-13 17:00:00,847.0
2022-05-13 17:15:00,662.0
2022-05-13 17:30:00,551.0
2022-05-13 17:45:00,395.0
2022-05-13 18:00:00,330.0
2022-05-13 18:15:00,273.0
2022-05-13 18:30:00,198.0
2022-05-13 18:45:00,135.0
2022-05-13 19:00:00,104.0
2022-05-13 19:15:00,82.0
2022-05-13 19:30:00,53.0
2022-05-13 19:45:00,50.0
2022-05-13 20:00:00,1.0
2022-05-13 20:15:00,0.0
2022-05-13 20:30:00,null
2022-05-13 20:45:00,null
2022-05-13 21:00:00,null
2022-05-13 21:15:00,null
2022-05-13 21:30:00,null
2022-05-13 21:45:00,null
2022-05-13 22:00:00,null
2022-05-13 22:15:00,null
2022-05-13 22:30:00,null
2022-05-13 22:45:00,null
2022-05-13 23:00:00,null
2022-05-13 23:15:00,null
2022-05-13 23:30:00,null
2022-05-13 23:45:00,null
2022-05-14 00:00:00,null
2022-05-14 00:15:00,null
2022-05-14 00:30:00,null
2022-05-14 00:45:00,null
2022-05-14 01:00:00,null
2022-05-14 01:15:00,null
2022-05-14 01:30:00,null
2022-05-14 01:45:00,null
2022-05-14 02:00:00,null
2022-05-14 02:15:00,null
2022-05-14 02:30:00,null
2022-05-14 02:45:00,null
2022-05-14 03:00:00,null
2022-05-14 03:15:00,null
2022-05-14 03:30:00,null
2022-05-14 03:45:00,null
2022-05-14 04:00:00,null
2022-05-14 04:15:00,null
2022-05-14 04:30:00,null
2022-05-14 04:45:00,null
2022-05-14 05:00:00,null
2022-05-14 05:15:00,null
2022-05-14 05:30:00,0.0
2022-05-14 05:45:00,0.0
2022-05-14 06:00:00,36.0
2022-05-14 06:15:00,178.0
2022-05-14 06:30:00,286.0
2022-05-14 06:45:00,364.0
2022-05-14 07:00:00,392.0
2022-05-14 07:15:00,489.0
2022-05-14 07:30:00,504.0
2022-05-14 07:45:00,606.0
2022-05-14 08:00:00,684.0
2022-05-14 08:15:00,773.0
2022-05-14 08:30:00,846.0
2022-05-14 08:45:00,914.0
2022-05-14 09:00:00,985.0
2022-05-14 09:15:00,1053.0
2022-05-14 09:30:00,1110.0
2022-05-14 09:45:00,1161.0
2022-05-14 10:00:00,1201.0
2022-05-14 10:15:00,1241.0
2022-05-14 10:30:00,1257.0
2022-05-14 10:45:00,1333.0
2022-05-14 11:00:00,1376.0
2022-05-14 11:15:00,1403.0
2022-05-14 11:30:00,1435.0
2022-05-14 11:45:00,1454.0
2022-05-14 12:00:00,1474.0
2022-05-14 12:15:00,1477.0
2022-05-14 12:30:00,1450.0
2022-05-14 12:45:00,1428.0
2022-05-14 13:00:00,1452.0
2022-05-14 13:15:00,1431.0
2022-05-14 13:30:00,1421.0
2022-05-14 13:45:00,1418.0
2022-05-14 14:00:00,1241.0
2022-05-14 14:15:00,1280.0
2022-05-14 14:30:00,1337.0
2022-05-14 14:45:00,1290.0
2022-05-14 15:00:00,1257.0
2022-05-14 15:15:00,1165.0
2022-05-14 15:30:00,1018.0
2022-05-14 15:45:00,1028.0
2022-05-14 16:00:00,878.0
2022-05-14 16:15:00,904.0
2022-05-14 16:30:00,579.0
2022-05-14 16:45:00,687.0
2022-05-14 17:00:00,575.0
2022-05-14 17:15:00,379.0
2022-05-14 17:30:00,344.0
2022-05-14 17:45:00,273.0
2022-05-14 18:00:00,191.0
2022-05-14 18:15:00,190.0
2022-05-14 18:30:00,171.0
2022-05-14 18:45:00,127.0
2022-05-14 19:00:00,87.0
2022-05-14 19:15:00,61.0
2022-05-14 19:30:00,38.0
2022-05-14 19:45:00,12.0
2022-05-14 20:00:00,0.0
2022-05-14 20:15:00,0.0
2022-05-14 20:30:00,null
2022-05-14 20:45:00,null
2022-05-14 21:00:00,null
2022-05-14 21:15:00,null
2022-05-14 21:30:00,null
2022-05-14 21:45:00,null
2022-05-14 22:00:00,null
2022-05-14 22:15:00,null
2022-05-14 22:30:00,null
2022-05-14 22:45:00,null
2022-05-14 23:00:00,null
2022-05-14 23:15:00,null
2022-05-14 23:30:00,null
2022-05-14 23:45:00,null
2022-05-15 00:00:00,0.0
2022-05-15 00:15:00,null
2022-05-15 00:30:00,null
2022-05-15 00:45:00,null
2022-05-15 01:00:00,null
2022-05-15 01:15:00,null
2022-05-15 01:30:00,null
2022-05-15 01:45:00,null
2022-05-15 02:00:00,null
2022-05-15 02:15:00,null
2022-05-15 02:30:00,null
2022-05-15 02:45:00,null
2022-05-15 03:00:00,null
2022-05-15 03:15:00,null
2022-05-15 03:30:00,null
2022-05-15 03:45:00,null
2022-05-15 04:00:00,null
2022-05-15 04:15:00,null
2022-05-15 04:30:00,null
2022-05-15 04:45:00,null
2022-05-15 05:00:00,null
2022-05-15 05:15:00,null
2022-05-15 05:30:00,0.0
2022-05-15 05:45:00,2.0
2022-05-15 06:00:00,39.0
2022-05-15 06:15:00,175.0
2022-05-15 06:30:00,286.0
2022-05-15 06:45:00,355.0
2022-05-15 07:00:00,375.0
2022-05-15 07:15:00,410.0
2022-05-15 07:30:00,484.0
2022-05-15 07:45:00,667.0
2022-05-15 08:00:00,741.0
2022-05-15 08:15:00,835.0
2022-05-15 08:30:00,909.0
2022-05-15 08:45:00,1020.0
2022-05-15 09:00:00,978.0
2022-05-15 09:15:00,1058.0
2022-05-15 09:30:00,1109.0
2022-05-15 09:45:00,1173.0
2022-05-15 10:00:00,1254.0
2022-05-15 10:15:00,1256.0
2022-05-15 10:30:00,1344.0
2022-05-15 10:45:00,1392.0
2022-05-15 11:00:00,1395.0
2022-05-15 11:15:00,1381.0
2022-05-15 11:30:00,1412.0
2022-05-15 11:45:00,1424.0
2022-05-15 12:00:00,1456.0
2022-05-15 12:15:00,1475.0
2022-05-15 12:30:00,1474.0
2022-05-15 12:45:00,1456.0
2022-05-15 13:00:00,1470.0
2022-05-15 13:15:00,1495.0
2022-05-15 13:30:00,1409.0
2022-05-15 13:45:00,1438.0
2022-05-15 14:00:00,1436.0
2022-05-15 14:15:00,1371.0
2022-05-15 14:30:00,1243.0
2022-05-15 14:45:00,1325.0
2022-05-15 15:00:00,1372.0
2022-05-15 15:15:00,1277.0
2022-05-15 15:30:00,1195.0
2022-05-15 15:45:00,1042.0
2022-05-15 16:00:00,1006.0
2022-05-15 16:15:00,882.0
2022-05-15 16:30:00,532.0
2022-05-15 16:45:00,776.0
2022-05-15 17:00:00,450.0
2022-05-15 17:15:00,549.0
2022-05-15 17:30:00,357.0
2022-05-15 17:45:00,172.0
2022-05-15 18:00:00,246.0
2022-05-15 18:15:00,98.0
2022-05-15 18:30:00,71.0
2022-05-15 18:45:00,86.0
2022-05-15 19:00:00,113.0
2022-05-15 19:15:00,58.0
2022-05-15 19:30:00,22.0
2022-05-15 19:45:00,7.0
2022-05-15 20:00:00,0.0
2022-05-15 20:15:00,0.0
2022-05-15 20:30:00,null
2022-05-15 20:45:00,null
2022-05-15 21:00:00,null
2022-05-15 21:15:00,null
2022-05-15 21:30:00,null
2022-05-15 21:45:00,null
2022-05-15 22:00:00,null
2022-05-15 22:15:00,null
2022-05-15 22:30:00,null
2022-05-15 22:45:00,null
2022-05-15 23:00:00,null
2022-05-15 23:15:00,null
2022-05-15 23:30:00,null
2022-05-15 23:45:00,null
2022-05-16 00:00:00,null
2022-05-16 00:15:00,null
2022-05-16 00:30:00,null
2022-05-16 00:45:00,null
2022-05-16 01:00:00,null
2022-05-16 01:15:00,null
2022-05-16 01:30:00,null
2022-05-16 01:45:00,null
2022-05-16 02:00:00,null
2022-05-16 02:15:00,null
2022-05-16 02:30:00,null
2022-05-16 02:45:00,null
2022-05-16 03:00:00,null
2022-05-16 03:15:00,null
2022-05-16 03:30:00,null
2022-05-16 03:45:00,null
2022-05-16 04:00:00,null
2022-05-16 04:15:00,null
2022-05-16 04:30:00,null
2022-05-16 04:45:00,null
2022-05-16 05:00:00,null
2022-05-16 05:15:00,null
2022-05-16 05:30:00,0.0
2022-05-16 05:45:00,2.0
2022-05-16 06:00:00,49.0
2022-05-16 06:15:00,193.0
2022-05-16 06:30:00,271.0
2022-05-16 06:45:00,245.0
2022-05-16 07:00:00,466.0
2022-05-16 07:15:00,311.0
2022-05-16 07:30:00,185.0
2022-05-16 07:45:00,363.0
2022-05-16 08:00:00,807.0
2022-05-16 08:15:00,572.0
2022-05-16 08:30:00,392.0
2022-05-16 08:45:00,909.0
2022-05-16 09:00:00,901.0
2022-05-16 09:15:00,877.0
2022-05-16 09:30:00,825.0
2022-05-16 09:45:00,1152.0
2022-05-16 10:00:00,1131.0
2022-05-16 10:15:00,1271.0
2022-05-16 10:30:00,1251.0
2022-05-16 10:45:00,1061.0
2022-05-16 11:00:00,1252.0
2022-05-16 11:15:00,1313.0
2022-05-16 11:30:00,1354.0
2022-05-16 11:45:00,1177.0
2022-05-16 12:00:00,1251.0
2022-05-16 12:15:00,1303.0
2022-05-16 12:30:00,1006.0
2022-05-16 12:45:00,518.0
2022-05-16 13:00:00,242.0
2022-05-16 13:15:00,202.0
2022-05-16 13:30:00,336.0
2022-05-16 13:45:00,234.0
2022-05-16 14:00:00,192.0
2022-05-16 14:15:00,100.0
2022-05-16 14:30:00,81.0
2022-05-16 14:45:00,148.0
2022-05-16 15:00:00,227.0
2022-05-16 15:15:00,245.0
2022-05-16 15:30:00,173.0
2022-05-16 15:45:00,151.0
2022-05-16 16:00:00,148.0
2022-05-16 16:15:00,301.0
2022-05-16 16:30:00,479.0
2022-05-16 16:45:00,315.0
2022-05-16 17:00:00,266.0
2022-05-16 17:15:00,254.0
2022-05-16 17:30:00,267.0
2022-05-16 17:45:00,307.0
2022-05-16 18:00:00,247.0
2022-05-16 18:15:00,223.0
2022-05-16 18:30:00,192.0
2022-05-16 18:45:00,171.0
2022-05-16 19:00:00,140.0
2022-05-16 19:15:00,98.0
2022-05-16 19:30:00,50.0
2022-05-16 19:45:00,18.0
2022-05-16 20:00:00,0.0
2022-05-16 20:15:00,0.0
2022-05-16 20:30:00,null
2022-05-16 20:45:00,null
2022-05-16 21:00:00,null
2022-05-16 21:15:00,null
2022-05-16 21:30:00,null
2022-05-16 21:45:00,null
2022-05-16 22:00:00,null
2022-05-16 22:15:00,null
2022-05-16 22:30:00,null
2022-05-16 22:45:00,null
2022-05-16 23:00:00,null
2022-05-16 23:15:00,null
2022-05-16 23:30:00,null
2022-05-16 23:45:00,null
2022-05-17 00:00:00,0.0
2022-05-17 00:15:00,null
2022-05-17 00:30:00,null
2022-05-17 00:45:00,null
2022-05-17 01:00:00,null
2022-05-17 01:15:00,null
2022-05-17 01:30:00,null
2022-05-17 01:45:00,null
2022-05-17 02:00:00,null
2022-05-17 02:15:00,null
2022-05-17 02:30:00,null
2022-05-17 02:45:00,null
2022-05-17 03:00:00,null
2022-05-17 03:15:00,null
2022-05-17 03:30:00,null
2022-05-17 03:45:00,null
2022-05-17 04:00:00,null
2022-05-17 04:15:00,null
2022-05-17 04:30:00,null
2022-05-17 04:45:00,null
2022-05-17 05:00:00,null
2022-05-17 05:15:00,null
2022-05-17 05:30:00,0.0
2022-05-17 05:45:00,6.0
2022-05-17 06:00:00,73.0
2022-05-17 06:15:00,196.0
2022-05-17 06:30:00,259.0
2022-05-17 06:45:00,369.0
2022-05-17 07:00:00,371.0
2022-05-17 07:15:00,450.0
2022-05-17 07:30:00,521.0
2022-05-17 07:45:00,602.0
2022-05-17 08:00:00,674.0
2022-05-17 08:15:00,748.0
2022-05-17 08:30:00,821.0
2022-05-17 08:45:00,894.0
2022-05-17 09:00:00,974.0
2022-05-17 09:15:00,1081.0
2022-05-17 09:30:00,810.0
2022-05-17 09:45:00,1151.0
2022-05-17 10:00:00,1202.0
2022-05-17 10:15:00,1250.0
2022-05-17 10:30:00,1300.0
2022-05-17 10:45:00,1353.0
2022-05-17 11:00:00,1449.0
2022-05-17 11:15:00,1187.0
2022-05-17 11:30:00,1191.0
2022-05-17 11:45:00,1335.0
2022-05-17 12:00:00,653.0
2022-05-17 12:15:00,707.0
2022-05-17 12:30:00,1160.0
2022-05-17 12:45:00,1545.0
2022-05-17 13:00:00,1520.0
2022-05-17 13:15:00,1535.0
2022-05-17 13:30:00,890.0
2022-05-17 13:45:00,678.0
2022-05-17 14:00:00,749.0
2022-05-17 14:15:00,1011.0
2022-05-17 14:30:00,810.0
2022-05-17 14:45:00,847.0
2022-05-17 15:00:00,811.0
2022-05-17 15:15:00,474.0
2022-05-17 15:30:00,177.0
2022-05-17 15:45:00,183.0
2022-05-17 16:00:00,256.0
2022-05-17 16:15:00,544.0
2022-05-17 16:30:00,575.0
2022-05-17 16:45:00,372.0
2022-05-17 17:00:00,315.0
2022-05-17 17:15:00,213.0
2022-05-17 17:30:00,200.0
2022-05-17 17:45:00,380.0
2022-05-17 18:00:00,177.0
2022-05-17 18:15:00,215.0
2022-05-17 18:30:00,144.0
2022-05-17 18:45:00,98.0
2022-05-17 19:00:00,77.0
2022-05-17 19:15:00,66.0
2022-05-17 19:30:00,47.0
2022-05-17 19:45:00,12.0
2022-05-17 20:00:00,0.0
2022-05-17 20:15:00,0.0
2022-05-17 20:30:00,null
2022-05-17 20:45:00,null
2022-05-17 21:00:00,null
2022-05-17 21:15:00,null
2022-05-17 21:30:00,null
2022-05-17 21:45:00,null
2022-05-17 22:00:00,null
2022-05-17 22:15:00,null
2022-05-17 22:30:00,null
2022-05-17 22:45:00,null
2022-05-17 23:00:00,null
2022-05-17 23:15:00,null
2022-05-17 23:30:00,null
2022-05-17 23:45:00,null
2022-05-18 00:00:00,null
2022-05-18 00:15:00,null
2022-05-18 00:30:00,null
2022-05-18 00:45:00,null
2022-05-18 01:00:00,null
2022-05-18 01:15:00,null
2022-05-18 01:30:00,null
2022-05-18 01:45:00,null
2022-05-18 02:00:00,null
2022-05-18 02:15:00,null
2022-05-18 02:30:00,null
2022-05-18 02:45:00,null
2022-05-18 03:00:00,null
2022-05-18 03:15:00,null
2022-05-18 03:30:00,null
2022-05-18 03:45:00,null
2022-05-18 04:00:00,null
2022-05-18 04:15:00,null
2022-05-18 04:30:00,null
2022-05-18 04:45:00,null
2022-05-18 05:00:00,null
2022-05-18 05:15:00,null
2022-05-18 05:30:00,0.0
2022-05-18 05:45:00,0.0
2022-05-18 06:00:00,9.0
2022-05-18 06:15:00,30.0
2022-05-18 06:30:00,74.0
2022-05-18 06:45:00,101.0
2022-05-18 07:00:00,231.0
2022-05-18 07:15:00,313.0
2022-05-18 07:30:00,291.0
2022-05-18 07:45:00,280.0
2022-05-18 08:00:00,560.0
2022-05-18 08:15:00,623.0
2022-05-18 08:30:00,711.0
2022-05-18 08:45:00,830.0
2022-05-18 09:00:00,944.0
2022-05-18 09:15:00,938.0
2022-05-18 09:30:00,1053.0
2022-05-18 09:45:00,1121.0
2022-05-18 10:00:00,1135.0
2022-05-18 10:15:00,1133.0
2022-05-18 10:30:00,1359.0
2022-05-18 10:45:00,1371.0
2022-05-18 11:00:00,1403.0
2022-05-18 11:15:00,1420.0
2022-05-18 11:30:00,1439.0
2022-05-18 11:45:00,1434.0
2022-05-18 12:00:00,1129.0
2022-05-18 12:15:00,842.0
2022-05-18 12:30:00,1477.0
2022-05-18 12:45:00,1208.0
2022-05-18 13:00:00,1382.0
2022-05-18 13:15:00,1434.0
2022-05-18 13:30:00,1407.0
2022-05-18 13:45:00,1401.0
2022-05-18 14:00:00,1364.0
2022-05-18 14:15:00,1331.0
2022-05-18 14:30:00,1333.0
2022-05-18 14:45:00,1327.0
2022-05-18 15:00:00,944.0
2022-05-18 15:15:00,1178.0
2022-05-18 15:30:00,939.0
2022-05-18 15:45:00,1136.0
2022-05-18 16:00:00,991.0
2022-05-18 16:15:00,773.0
2022-05-18 16:30:00,392.0
2022-05-18 16:45:00,691.0
2022-05-18 17:00:00,743.0
2022-05-18 17:15:00,556.0
2022-05-18 17:30:00,331.0
2022-05-18 17:45:00,185.0
2022-05-18 18:00:00,125.0
2022-05-18 18:15:00,174.0
2022-05-18 18:30:00,161.0
2022-05-18 18:45:00,123.0
2022-05-18 19:00:00,100.0
2022-05-18 19:15:00,65.0
2022-05-18 19:30:00,64.0
2022-05-18 19:45:00,33.0
2022-05-18 20:00:00,2.0
2022-05-18 20:15:00,0.0
2022-05-18 20:30:00,null
2022-05-18 20:45:00,null
2022-05-18 21:00:00,null
2022-05-18 21:15:00,null
2022-05-18 21:30:00,null
2022-05-18 21:45:00,null
2022-05-18 22:00:00,null
2022-05-18 22:15:00,null
2022-05-18 22:30:00,null
2022-05-18 22:45:00,null
2022-05-18 23:00:00,null
2022-05-18 23:15:00,null
2022-05-18 23:30:00,null
2022-05-18 23:45:00,null
2022-05-19 00:00:00,0.0
2022-05-19 00:15:00,null
2022-05-19 00:30:00,null
2022-05-19 00:45:00,null
2022-05-19 01:00:00,null
2022-05-19 01:15:00,null
2022-05-19 01:30:00,null
2022-05-19 01:45:00,null
2022-05-19 02:00:00,null
2022-05-19 02:15:00,null
2022-05-19 02:30:00,null
2022-05-19 02:45:00,null
2022-05-19 03:00:00,null
2022-05-19 03:15:00,null
2022-05-19 03:30:00,null
2022-05-19 03:45:00,null
2022-05-19 04:00:00,null
2022-05-19 04:15:00,null
2022-05-19 04:30:00,null
2022-05-19 04:45:00,null
2022-05-19 05:00:00,null
2022-05-19 05:15:00,null
2022-05-19 05:30:00,0.0
2022-05-19 05:45:00,0.0
2022-05-19 06:00:00,12.0
2022-05-19 06:15:00,64.0
2022-05-19 06:30:00,93.0
2022-05-19 06:45:00,139.0
2022-05-19 07:00:00,229.0
2022-05-19 07:15:00,278.0
2022-05-19 07:30:00,327.0
2022-05-19 07:45:00,365.0
2022-05-19 08:00:00,437.0
2022-05-19 08:15:00,382.0
2022-05-19 08:30:00,432.0
2022-05-19 08:45:00,588.0
2022-05-19 09:00:00,800.0
2022-05-19 09:15:00,893.0
2022-05-19 09:30:00,869.0
2022-05-19 09:45:00,795.0
2022-05-19 10:00:00,800.0
2022-05-19 10:15:00,955.0
2022-05-19 10:30:00,1085.0
2022-05-19 10:45:00,1155.0
2022-05-19 11:00:00,1133.0
2022-05-19 11:15:00,1241.0
2022-05-19 11:30:00,1226.0
2022-05-19 11:45:00,1170.0
2022-05-19 12:00:00,1274.0
2022-05-19 12:15:00,1141.0
2022-05-19 12:30:00,1081.0
2022-05-19 12:45:00,1158.0
2022-05-19 13:00:00,1422.0
2022-05-19 13:15:00,1233.0
2022-05-19 13:30:00,1370.0
2022-05-19 13:45:00,1531.0
2022-05-19 14:00:00,1395.0
2022-05-19 14:15:00,1245.0
2022-05-19 14:30:00,576.0
2022-05-19 14:45:00,428.0
2022-05-19 15:00:00,734.0
2022-05-19 15:15:00,616.0
2022-05-19 15:30:00,1070.0
2022-05-19 15:45:00,946.0
2022-05-19 16:00:00,586.0
2022-05-19 16:15:00,536.0
2022-05-19 16:30:00,717.0
2022-05-19 16:45:00,593.0
2022-05-19 17:00:00,573.0
2022-05-19 17:15:00,747.0
2022-05-19 17:30:00,623.0
2022-05-19 17:45:00,504.0
2022-05-19 18:00:00,411.0
2022-05-19 18:15:00,327.0
2022-05-19 18:30:00,274.0
2022-05-19 18:45:00,191.0
2022-05-19 19:00:00,125.0
2022-05-19 19:15:00,68.0
2022-05-19 19:30:00,30.0
2022-05-19 19:45:00,10.0
2022-05-19 20:00:00,1.0
2022-05-19 20:15:00,0.0
2022-05-19 20:30:00,null
2022-05-19 20:45:00,null
2022-05-19 21:00:00,null
2022-05-19 21:15:00,null
2022-05-19 21:30:00,null
2022-05-19 21:45:00,null
2022-05-19 22:00:00,null
2022-05-19 22:15:00,null
2022-05-19 22:30:00,null
2022-05-19 22:45:00,null
2022-05-19 23:00:00,null
2022-05-19 23:15:00,null
2022-05-19 23:30:00,null
2022-05-19 23:45:00,null
2022-05-20 00:00:00,null
2022-05-20 00:15:00,null
2022-05-20 00:30:00,null
2022-05-20 00:45:00,null
2022-05-20 01:00:00,null
2022-05-20 01:15:00,null
2022-05-20 01:30:00,null
2022-05-20 01:45:00,null
2022-05-20 02:00:00,null
2022-05-20 02:15:00,null
2022-05-20 02:30:00,null
2022-05-20 02:45:00,null
2022-05-20 03:00:00,null
2022-05-20 03:15:00,null
2022-05-20 03:30:00,null
2022-05-20 03:45:00,null
2022-05-20 04:00:00,null
2022-05-20 04:15:00,null
2022-05-20 04:30:00,null
2022-05-20 04:45:00,null
2022-05-20 05:00:00,null
2022-05-20 05:15:00,null
2022-05-20 05:30:00,0.0
2022-05-20 05:45:00,0.0
2022-05-20 06:00:00,0.0
2022-05-20 06:15:00,6.0
2022-05-20 06:30:00,11.0
2022-05-20 06:45:00,31.0
2022-05-20 07:00:00,48.0
2022-05-20 07:15:00,113.0
2022-05-20 07:30:00,118.0
2022-05-20 07:45:00,99.0
2022-05-20 08:00:00,75.0
2022-05-20 08:15:00,71.0
2022-05-20 08:30:00,90.0
2022-05-20 08:45:00,192.0
2022-05-20 09:00:00,122.0
2022-05-20 09:15:00,120.0
2022-05-20 09:30:00,92.0
2022-05-20 09:45:00,88.0
2022-05-20 10:00:00,100.0
2022-05-20 10:15:00,127.0
2022-05-20 10:30:00,124.0
2022-05-20 10:45:00,160.0
2022-05-20 11:00:00,158.0
2022-05-20 11:15:00,182.0
2022-05-20 11:30:00,283.0
2022-05-20 11:45:00,292.0
2022-05-20 12:00:00,260.0
2022-05-20 12:15:00,273.0
2022-05-20 12:30:00,309.0
2022-05-20 12:45:00,323.0
2022-05-20 13:00:00,314.0
2022-05-20 13:15:00,306.0
2022-05-20 13:30:00,174.0
2022-05-20 13:45:00,220.0
2022-05-20 14:00:00,220.0
2022-05-20 14:15:00,265.0
2022-05-20 14:30:00,167.0
2022-05-20 14:45:00,189.0
2022-05-20 15:00:00,151.0
2022-05-20 15:15:00,160.0
2022-05-20 15:30:00,96.0
2022-05-20 15:45:00,79.0
2022-05-20 16:00:00,63.0
2022-05-20 16:15:00,40.0
2022-05-20 16:30:00,16.0
2022-05-20 16:45:00,8.0
2022-05-20 17:00:00,6.0
2022-05-20 17:15:00,0.0
2022-05-20 17:30:00,0.0
2022-05-20 17:45:00,0.0
2022-05-20 18:00:00,0.0
2022-05-20 18:15:00,0.0
2022-05-20 18:30:00,0.0
2022-05-20 18:45:00,0.0
2022-05-20 19:00:00,0.0
2022-05-20 19:15:00,0.0
2022-05-20 19:30:00,null
2022-05-20 19:45:00,null
2022-05-20 20:00:00,null
2022-05-20 20:15:00,null
2022-05-20 20:30:00,null
2022-05-20 20:45:00,null
2022-05-20 21:00:00,null
2022-05-20 21:15:00,null
2022-05-20 21:30:00,null
2022-05-20 21:45:00,null
2022-05-20 22:00:00,null
2022-05-20 22:15:00,null
2022-05-20 22:30:00,null
2022-05-20 22:45:00,null
2022-05-20 23:00:00,null
2022-05-20 23:15:00,null
2022-05-20 23:30:00,null
2022-05-20 23:45:00,null
2022-05-21 00:00:00,0.0
2022-05-21 00:15:00,null
2022-05-21 00:30:00,null
2022-05-21 00:45:00,null
2022-05-21 01:00:00,null
2022-05-21 01:15:00,null
2022-05-21 01:30:00,null
2022-05-21 01:45:00,null
2022-05-21 02:00:00,null
2022-05-21 02:15:00,null
2022-05-21 02:30:00,null
2022-05-21 02:45:00,null
2022-05-21 03:00:00,null
2022-05-21 03:15:00,null
2022-05-21 03:30:00,null
2022-05-21 03:45:00,null
2022-05-21 04:00:00,null
2022-05-21 04:15:00,null
2022-05-21 04:30:00,null
2022-05-21 04:45:00,null
2022-05-21 05:00:00,null
2022-05-21 05:15:00,null
2022-05-21 05:30:00,null
2022-05-21 05:45:00,null
2022-05-21 06:00:00,null
2022-05-21 06:15:00,null
2022-05-21 06:30:00,null
2022-05-21 06:45:00,null
2022-05-21 07:00:00,null
2022-05-21 07:15:00,null
2022-05-21 07:30:00,null
2022-05-21 07:45:00,null
2022-05-21 08:00:00,0.0
2022-05-21 08:15:00,0.0
2022-05-21 08:30:00,0.0
2022-05-21 08:45:00,0.0
2022-05-21 09:00:00,0.0
2022-05-21 09:15:00,0.0
2022-05-21 09:30:00,0.0
2022-05-21 09:45:00,0.0
2022-05-21 10:00:00,0.0
2022-05-21 10:15:00,0.0
2022-05-21 10:30:00,0.0
2022-05-21 10:45:00,0.0
2022-05-21 11:00:00,0.0
2022-05-21 11:15:00,0.0
2022-05-21 11:30:00,0.0
2022-05-21 11:45:00,0.0
2022-05-21 12:00:00,0.0
2022-05-21 12:15:00,12.0
2022-05-21 12:30:00,11.0
2022-05-21 12:45:00,22.0
2022-05-21 13:00:00,29.0
2022-05-21 13:15:00,39.0
2022-05-21 13:30:00,46.0
2022-05-21 13:45:00,41.0
2022-05-21 14:00:00,70.0
2022-05-21 14:15:00,71.0
2022-05-21 14:30:00,116.0
2022-05-21 14:45:00,206.0
2022-05-21 15:00:00,265.0
2022-05-21 15:15:00,303.0
2022-05-21 15:30:00,301.0
2022-05-21 15:45:00,287.0
2022-05-21 16:00:00,274.0
2022-05-21 16:15:00,261.0
2022-05-21 16:30:00,252.0
2022-05-21 16:45:00,233.0
2022-05-21 17:00:00,186.0
2022-05-21 17:15:00,138.0
2022-05-21 17:30:00,121.0
2022-05-21 17:45:00,119.0
2022-05-21 18:00:00,102.0
2022-05-21 18:15:00,88.0
2022-05-21 18:30:00,79.0
2022-05-21 18:45:00,66.0
2022-05-21 19:00:00,60.0
2022-05-21 19:15:00,33.0
2022-05-21 19:30:00,15.0
2022-05-21 19:45:00,5.0
2022-05-21 20:00:00,0.0
2022-05-21 20:15:00,0.0
2022-05-21 20:30:00,null
2022-05-21 20:45:00,null
2022-05-21 21:00:00,null
2022-05-21 21:15:00,null
2022-05-21 21:30:00,null
2022-05-21 21:45:00,null
2022-05-21 22:00:00,null
2022-05-21 22:15:00,null
2022-05-21 22:30:00,null
2022-05-21 22:45:00,null
2022-05-21 23:00:00,null
2022-05-21 23:15:00,null
2022-05-21 23:30:00,null
2022-05-21 23:45:00,null
2022-05-22 00:00:00,null
2022-05-22 00:15:00,null
2022-05-22 00:30:00,null
2022-05-22 00:45:00,null
2022-05-22 01:00:00,null
2022-05-22 01:15:00,null
2022-05-22 01:30:00,null
2022-05-22 01:45:00,null
2022-05-22 02:00:00,null
2022-05-22 02:15:00,null
2022-05-22 02:30:00,null
2022-05-22 02:45:00,null
2022-05-22 03:00:00,null
2022-05-22 03:15:00,null
2022-05-22 03:30:00,null
2022-05-22 03:45:00,null
2022-05-22 04:00:00,null
2022-05-22 04:15:00,null
2022-05-22 04:30:00,null
2022-05-22 04:45:00,null
2022-05-22 05:00:00,null
2022-05-22 05:15:00,null
2022-05-22 05:30:00,0.0
2022-05-22 05:45:00,0.0
2022-05-22 06:00:00,1.0
2022-05-22 06:15:00,8.0
2022-05-22 06:30:00,28.0
2022-05-22 06:45:00,64.0
2022-05-22 07:00:00,95.0
2022-05-22 07:15:00,197.0
2022-05-22 07:30:00,221.0
2022-05-22 07:45:00,233.0
2022-05-22 08:00:00,267.0
2022-05-22 08:15:00,270.0
2022-05-22 08:30:00,259.0
2022-05-22 08:45:00,289.0
2022-05-22 09:00:00,343.0
2022-05-22 09:15:00,413.0
2022-05-22 09:30:00,393.0
2022-05-22 09:45:00,418.0
2022-05-22 10:00:00,485.0
2022-05-22 10:15:00,759.0
2022-05-22 10:30:00,849.0
2022-05-22 10:45:00,564.0
2022-05-22 11:00:00,697.0
2022-05-22 11:15:00,648.0
2022-05-22 11:30:00,885.0
2022-05-22 11:45:00,754.0
2022-05-22 12:00:00,1047.0
2022-05-22 12:15:00,1255.0
2022-05-22 12:30:00,976.0
2022-05-22 12:45:00,1281.0
2022-05-22 13:00:00,1383.0
2022-05-22 13:15:00,1440.0
2022-05-22 13:30:00,1444.0
2022-05-22 13:45:00,1017.0
2022-05-22 14:00:00,1529.0
2022-05-22 14:15:00,1474.0
2022-05-22 14:30:00,1383.0
2022-05-22 14:45:00,1337.0
2022-05-22 15:00:00,972.0
2022-05-22 15:15:00,776.0
2022-05-22 15:30:00,757.0
2022-05-22 15:45:00,670.0
2022-05-22 16:00:00,656.0
2022-05-22 16:15:00,664.0
2022-05-22 16:30:00,665.0
2022-05-22 16:45:00,588.0
2022-05-22 17:00:00,493.0
2022-05-22 17:15:00,432.0
2022-05-22 17:30:00,358.0
2022-05-22 17:45:00,334.0
2022-05-22 18:00:00,266.0
2022-05-22 18:15:00,248.0
2022-05-22 18:30:00,245.0
2022-05-22 18:45:00,178.0
2022-05-22 19:00:00,130.0
2022-05-22 19:15:00,95.0
2022-05-22 19:30:00,94.0
2022-05-22 19:45:00,58.0
2022-05-22 20:00:00,18.0
2022-05-22 20:15:00,0.0
2022-05-22 20:30:00,null
2022-05-22 20:45:00,null
2022-05-22 21:00:00,null
2022-05-22 21:15:00,null
2022-05-22 21:30:00,null
2022-05-22 21:45:00,null
2022-05-22 22:00:00,null
2022-05-22 22:15:00,null
2022-05-22 22:30:00,null
2022-05-22 22:45:00,null
2022-05-22 23:00:00,null
2022-05-22 23:15:00,null
2022-05-22 23:30:00,null
2022-05-22 23:45:00,null
2022-05-23 00:00:00,null
2022-05-23 00:15:00,null
2022-05-23 00:30:00,null
2022-05-23 00:45:00,null
2022-05-23 01:00:00,null
2022-05-23 01:15:00,null
2022-05-23 01:30:00,null
2022-05-23 01:45:00,0.0
2022-05-23 02:00:00,null
2022-05-23 02:15:00,null
2022-05-23 02:30:00,null
2022-05-23 02:45:00,null
2022-05-23 03:00:00,null
2022-05-23 03:15:00,null
2022-05-23 03:30:00,null
2022-05-23 03:45:00,null
2022-05-23 04:00:00,null
2022-05-23 04:15:00,null
2022-05-23 04:30:00,null
2022-05-23 04:45:00,null
2022-05-23 05:00:00,null
2022-05-23 05:15:00,null
2022-05-23 05:30:00,0.0
2022-05-23 05:45:00,0.0
2022-05-23 06:00:00,28.0
2022-05-23 06:15:00,123.0
2022-05-23 06:30:00,182.0
2022-05-23 06:45:00,349.0
2022-05-23 07:00:00,454.0
2022-05-23 07:15:00,542.0
2022-05-23 07:30:00,530.0
2022-05-23 07:45:00,307.0
2022-05-23 08:00:00,343.0
2022-05-23 08:15:00,403.0
2022-05-23 08:30:00,373.0
2022-05-23 08:45:00,437.0
2022-05-23 09:00:00,560.0
2022-05-23 09:15:00,579.0
2022-05-23 09:30:00,372.0
2022-05-23 09:45:00,611.0
2022-05-23 10:00:00,678.0
2022-05-23 10:15:00,862.0
2022-05-23 10:30:00,749.0
2022-05-23 10:45:00,702.0
2022-05-23 11:00:00,1277.0
2022-05-23 11:15:00,1383.0
2022-05-23 11:30:00,1543.0
2022-05-23 11:45:00,1384.0
2022-05-23 12:00:00,1510.0
2022-05-23 12:15:00,1356.0
2022-05-23 12:30:00,865.0
2022-05-23 12:45:00,850.0
2022-05-23 13:00:00,743.0
2022-05-23 13:15:00,1189.0
2022-05-23 13:30:00,1307.0
2022-05-23 13:45:00,957.0
2022-05-23 14:00:00,1187.0
2022-05-23 14:15:00,1343.0
2022-05-23 14:30:00,1232.0
2022-05-23 14:45:00,1324.0
2022-05-23 15:00:00,1085.0
2022-05-23 15:15:00,495.0
2022-05-23 15:30:00,713.0
2022-05-23 15:45:00,949.0
2022-05-23 16:00:00,895.0
2022-05-23 16:15:00,538.0
2022-05-23 16:30:00,381.0
2022-05-23 16:45:00,275.0
2022-05-23 17:00:00,65.0
2022-05-23 17:15:00,123.0
2022-05-23 17:30:00,127.0
2022-05-23 17:45:00,85.0
2022-05-23 18:00:00,68.0
2022-05-23 18:15:00,59.0
2022-05-23 18:30:00,40.0
2022-05-23 18:45:00,11.0
2022-05-23 19:00:00,0.0
2022-05-23 19:15:00,0.0
2022-05-23 19:30:00,0.0
2022-05-23 19:45:00,0.0
2022-05-23 20:00:00,null
2022-05-23 20:15:00,null
2022-05-23 20:30:00,null
2022-05-23 20:45:00,null
2022-05-23 21:00:00,null
2022-05-23 21:15:00,null
2022-05-23 21:30:00,null
2022-05-23 21:45:00,0.0
2022-05-23 22:00:00,null
2022-05-23 22:15:00,null
2022-05-23 22:30:00,null
2022-05-23 22:45:00,null
2022-05-23 23:00:00,null
2022-05-23 23:15:00,null
2022-05-23 23:30:00,null
2022-05-23 23:45:00,null
2022-05-24 00:00:00,null
2022-05-24 00:15:00,null
2022-05-24 00:30:00,null
2022-05-24 00:45:00,null
2022-05-24 01:00:00,null
2022-05-24 01:15:00,null
2022-05-24 01:30:00,null
2022-05-24 01:45:00,null
2022-05-24 02:00:00,null
2022-05-24 02:15:00,null
2022-05-24 02:30:00,null
2022-05-24 02:45:00,null
2022-05-24 03:00:00,null
2022-05-24 03:15:00,null
2022-05-24 03:30:00,null
2022-05-24 03:45:00,null
2022-05-24 04:00:00,null
2022-05-24 04:15:00,null
2022-05-24 04:30:00,null
2022-05-24 04:45:00,null
2022-05-24 05:00:00,null
2022-05-24 05:15:00,null
2022-05-24 05:30:00,0.0
2022-05-24 05:45:00,0.0
2022-05-24 06:00:00,0.0
2022-05-24 06:15:00,3.0
2022-05-24 06:30:00,24.0
2022-05-24 06:45:00,21.0
2022-05-24 07:00:00,72.0
2022-05-24 07:15:00,158.0
2022-05-24 07:30:00,175.0
2022-05-24 07:45:00,227.0
2022-05-24 08:00:00,281.0
2022-05-24 08:15:00,263.0
2022-05-24 08:30:00,346.0
2022-05-24 08:45:00,429.0
2022-05-24 09:00:00,417.0
2022-05-24 09:15:00,440.0
2022-05-24 09:30:00,462.0
2022-05-24 09:45:00,631.0
2022-05-24 10:00:00,823.0
2022-05-24 10:15:00,804.0
2022-05-24 10:30:00,844.0
2022-05-24 10:45:00,867.0
2022-05-24 11:00:00,866.0
2022-05-24 11:15:00,975.0
2022-05-24 11:30:00,1062.0
2022-05-24 11:45:00,996.0
2022-05-24 12:00:00,903.0
2022-05-24 12:15:00,733.0
2022-05-24 12:30:00,668.0
2022-05-24 12:45:00,758.0
2022-05-24 13:00:00,1040.0
2022-05-24 13:15:00,1176.0
2022-05-24 13:30:00,844.0
2022-05-24 13:45:00,897.0
2022-05-24 14:00:00,846.0
2022-05-24 14:15:00,1007.0
2022-05-24 14:30:00,1121.0
2022-05-24 14:45:00,849.0
2022-05-24 15:00:00,1255.0
2022-05-24 15:15:00,1128.0
2022-05-24 15:30:00,822.0
2022-05-24 15:45:00,924.0
2022-05-24 16:00:00,720.0
2022-05-24 16:15:00,640.0
2022-05-24 16:30:00,595.0
2022-05-24 16:45:00,528.0
2022-05-24 17:00:00,447.0
2022-05-24 17:15:00,340.0
2022-05-24 17:30:00,274.0
2022-05-24 17:45:00,278.0
2022-05-24 18:00:00,233.0
2022-05-24 18:15:00,200.0
2022-05-24 18:30:00,159.0
2022-05-24 18:45:00,91.0
2022-05-24 19:00:00,37.0
2022-05-24 19:15:00,23.0
2022-05-24 19:30:00,6.0
2022-05-24 19:45:00,0.0
2022-05-24 20:00:00,0.0
2022-05-24 20:15:00,null
2022-05-24 20:30:00,null
2022-05-24 20:45:00,null
2022-05-24 21:00:00,null
2022-05-24 21:15:00,null
2022-05-24 21:30:00,null
2022-05-24 21:45:00,null
2022-05-24 22:00:00,null
2022-05-24 22:15:00,null
2022-05-24 22:30:00,null
2022-05-24 22:45:00,null
2022-05-24 23:00:00,null
2022-05-24 23:15:00,null
2022-05-24 23:30:00,null
2022-05-24 23:45:00,null
2022-05-25 00:00:00,null
2022-05-25 00:15:00,null
2022-05-25 00:30:00,null
2022-05-25 00:45:00,null
2022-05-25 01:00:00,null
2022-05-25 01:15:00,null
2022-05-25 01:30:00,null
2022-05-25 01:45:00,null
2022-05-25 02:00:00,null
2022-05-25 02:15:00,null
2022-05-25 02:30:00,null
2022-05-25 02:45:00,null
2022-05-25 03:00:00,null
2022-05-25 03:15:00,null
2022-05-25 03:30:00,null
2022-05-25 03:45:00,0.0
2022-05-25 04:00:00,null
2022-05-25 04:15:00,null
2022-05-25 04:30:00,null
2022-05-25 04:45:00,null
2022-05-25 05:00:00,null
2022-05-25 05:15:00,0.0
2022-05-25 05:30:00,0.0
2022-05-25 05:45:00,2.0
2022-05-25 06:00:00,33.0
2022-05-25 06:15:00,218.0
2022-05-25 06:30:00,308.0
2022-05-25 06:45:00,386.0
2022-05-25 07:00:00,471.0
2022-05-25 07:15:00,538.0
2022-05-25 07:30:00,585.0
2022-05-25 07:45:00,670.0
2022-05-25 08:00:00,739.0
2022-05-25 08:15:00,820.0
2022-05-25 08:30:00,896.0
2022-05-25 08:45:00,985.0
2022-05-25 09:00:00,1059.0
2022-05-25 09:15:00,1129.0
2022-05-25 09:30:00,1200.0
2022-05-25 09:45:00,1259.0
2022-05-25 10:00:00,1325.0
2022-05-25 10:15:00,1389.0
2022-05-25 10:30:00,1427.0
2022-05-25 10:45:00,1466.0
2022-05-25 11:00:00,1496.0
2022-05-25 11:15:00,1527.0
2022-05-25 11:30:00,1534.0
2022-05-25 11:45:00,1535.0
2022-05-25 12:00:00,1544.0
2022-05-25 12:15:00,1544.0
2022-05-25 12:30:00,1544.0
2022-05-25 12:45:00,1543.0
2022-05-25 13:00:00,1381.0
2022-05-25 13:15:00,1537.0
2022-05-25 13:30:00,1535.0
2022-05-25 13:45:00,1504.0
2022-05-25 14:00:00,1479.0
2022-05-25 14:15:00,1461.0
2022-05-25 14:30:00,1412.0
2022-05-25 14:45:00,1335.0
2022-05-25 15:00:00,1329.0
2022-05-25 15:15:00,1288.0
2022-05-25 15:30:00,1210.0
2022-05-25 15:45:00,1125.0
2022-05-25 16:00:00,1067.0
2022-05-25 16:15:00,988.0
2022-05-25 16:30:00,877.0
2022-05-25 16:45:00,790.0
2022-05-25 17:00:00,683.0
2022-05-25 17:15:00,544.0
2022-05-25 17:30:00,418.0
2022-05-25 17:45:00,245.0
2022-05-25 18:00:00,107.0
2022-05-25 18:15:00,70.0
2022-05-25 18:30:00,56.0
2022-05-25 18:45:00,47.0
2022-05-25 19:00:00,41.0
2022-05-25 19:15:00,34.0
2022-05-25 19:30:00,23.0
2022-05-25 19:45:00,10.0
2022-05-25 20:00:00,0.0
2022-05-25 20:15:00,0.0
2022-05-25 20:30:00,0.0
2022-05-25 20:45:00,null
2022-05-25 21:00:00,null
2022-05-25 21:15:00,null
2022-05-25 21:30:00,null
2022-05-25 21:45:00,null
2022-05-25 22:00:00,null
2022-05-25 22:15:00,null
2022-05-25 22:30:00,null
2022-05-25 22:45:00,null
2022-05-25 23:00:00,null
2022-05-25 23:15:00,null
2022-05-25 23:30:00,null
2022-05-25 23:45:00,0.0
2022-05-26 00:00:00,null
2022-05-26 00:15:00,null
2022-05-26 00:30:00,null
2022-05-26 00:45:00,null
2022-05-26 01:00:00,null
2022-05-26 01:15:00,null
2022-05-26 01:30:00,null
2022-05-26 01:45:00,null
2022-05-26 02:00:00,null
2022-05-26 02:15:00,null
2022-05-26 02:30:00,null
2022-05-26 02:45:00,null
2022-05-26 03:00:00,null
2022-05-26 03:15:00,null
2022-05-26 03:30:00,null
2022-05-26 03:45:00,null
2022-05-26 04:00:00,null
2022-05-26 04:15:00,null
2022-05-26 04:30:00,null
2022-05-26 04:45:00,null
2022-05-26 05:00:00,null
2022-05-26 05:15:00,0.0
2022-05-26 05:30:00,0.0
2022-05-26 05:45:00,5.0
2022-05-26 06:00:00,39.0
2022-05-26 06:15:00,211.0
2022-05-26 06:30:00,309.0
2022-05-26 06:45:00,388.0
2022-05-26 07:00:00,471.0
2022-05-26 07:15:00,529.0
2022-05-26 07:30:00,583.0
2022-05-26 07:45:00,666.0
2022-05-26 08:00:00,734.0
2022-05-26 08:15:00,811.0
2022-05-26 08:30:00,852.0
2022-05-26 08:45:00,964.0
2022-05-26 09:00:00,1033.0
2022-05-26 09:15:00,1096.0
2022-05-26 09:30:00,1156.0
2022-05-26 09:45:00,1207.0
2022-05-26 10:00:00,1255.0
2022-05-26 10:15:00,1296.0
2022-05-26 10:30:00,1342.0
2022-05-26 10:45:00,1395.0
2022-05-26 11:00:00,1418.0
2022-05-26 11:15:00,1436.0
2022-05-26 11:30:00,1469.0
2022-05-26 11:45:00,1477.0
2022-05-26 12:00:00,1487.0
2022-05-26 12:15:00,1495.0
2022-05-26 12:30:00,1499.0
2022-05-26 12:45:00,1497.0
2022-05-26 13:00:00,1490.0
2022-05-26 13:15:00,1489.0
2022-05-26 13:30:00,1476.0
2022-05-26 13:45:00,1434.0
2022-05-26 14:00:00,1438.0
2022-05-26 14:15:00,1415.0
2022-05-26 14:30:00,1387.0
2022-05-26 14:45:00,1355.0
2022-05-26 15:00:00,1298.0
2022-05-26 15:15:00,1238.0
2022-05-26 15:30:00,1173.0
2022-05-26 15:45:00,1100.0
2022-05-26 16:00:00,1034.0
2022-05-26 16:15:00,932.0
2022-05-26 16:30:00,830.0
2022-05-26 16:45:00,762.0
2022-05-26 17:00:00,620.0
2022-05-26 17:15:00,524.0
2022-05-26 17:30:00,411.0
2022-05-26 17:45:00,203.0
2022-05-26 18:00:00,149.0
2022-05-26 18:15:00,163.0
2022-05-26 18:30:00,113.0
2022-05-26 18:45:00,53.0
2022-05-26 19:00:00,94.0
2022-05-26 19:15:00,116.0
2022-05-26 19:30:00,73.0
2022-05-26 19:45:00,28.0
2022-05-26 20:00:00,4.0
2022-05-26 20:15:00,0.0
2022-05-26 20:30:00,null
2022-05-26 20:45:00,null
2022-05-26 21:00:00,null
2022-05-26 21:15:00,null
2022-05-26 21:30:00,null
2022-05-26 21:45:00,null
2022-05-26 22:00:00,null
2022-05-26 22:15:00,null
2022-05-26 22:30:00,null
2022-05-26 22:45:00,null
2022-05-26 23:00:00,null
2022-05-26 23:15:00,null
2022-05-26 23:30:00,null
2022-05-26 23:45:00,null
2022-05-27 00:00:00,null
2022-05-27 00:15:00,null
2022-05-27 00:30:00,null
2022-05-27 00:45:00,null
2022-05-27 01:00:00,null
2022-05-27 01:15:00,null
2022-05-27 01:30:00,null
2022-05-27 01:45:00,null
2022-05-27 02:00:00,null
2022-05-27 02:15:00,null
2022-05-27 02:30:00,null
2022-05-27 02:45:00,null
2022-05-27 03:00:00,null
2022-05-27 03:15:00,null
2022-05-27 03:30:00,null
2022-05-27 03:45:00,null
2022-05-27 04:00:00,null
2022-05-27 04:15:00,null
2022-05-27 04:30:00,null
2022-05-27 04:45:00,null
2022-05-27 05:00:00,null
2022-05-27 05:15:00,0.0
2022-05-27 05:30:00,0.0
2022-05-27 05:45:00,12.0
2022-05-27 06:00:00,36.0
2022-05-27 06:15:00,131.0
2022-05-27 06:30:00,270.0
2022-05-27 06:45:00,225.0
2022-05-27 07:00:00,392.0
2022-05-27 07:15:00,510.0
2022-05-27 07:30:00,678.0
2022-05-27 07:45:00,448.0
2022-05-27 08:00:00,714.0
2022-05-27 08:15:00,801.0
2022-05-27 08:30:00,894.0
2022-05-27 08:45:00,473.0
2022-05-27 09:00:00,776.0
2022-05-27 09:15:00,1020.0
2022-05-27 09:30:00,1186.0
2022-05-27 09:45:00,1285.0
2022-05-27 10:00:00,1164.0
2022-05-27 10:15:00,1356.0
2022-05-27 10:30:00,1226.0
2022-05-27 10:45:00,1180.0
2022-05-27 11:00:00,1286.0
2022-05-27 11:15:00,1400.0
2022-05-27 11:30:00,1448.0
2022-05-27 11:45:00,1477.0
2022-05-27 12:00:00,1510.0
2022-05-27 12:15:00,966.0
2022-05-27 12:30:00,235.0
2022-05-27 12:45:00,291.0
2022-05-27 13:00:00,307.0
2022-05-27 13:15:00,230.0
2022-05-27 13:30:00,347.0
2022-05-27 13:45:00,284.0
2022-05-27 14:00:00,622.0
2022-05-27 14:15:00,930.0
2022-05-27 14:30:00,389.0
2022-05-27 14:45:00,570.0
2022-05-27 15:00:00,756.0
2022-05-27 15:15:00,351.0
2022-05-27 15:30:00,825.0
2022-05-27 15:45:00,580.0
2022-05-27 16:00:00,559.0
2022-05-27 16:15:00,721.0
2022-05-27 16:30:00,835.0
2022-05-27 16:45:00,699.0
2022-05-27 17:00:00,464.0
2022-05-27 17:15:00,321.0
2022-05-27 17:30:00,277.0
2022-05-27 17:45:00,279.0
2022-05-27 18:00:00,292.0
2022-05-27 18:15:00,198.0
2022-05-27 18:30:00,108.0
2022-05-27 18:45:00,78.0
2022-05-27 19:00:00,59.0
2022-05-27 19:15:00,50.0
2022-05-27 19:30:00,37.0
2022-05-27 19:45:00,27.0
2022-05-27 20:00:00,11.0
2022-05-27 20:15:00,0.0
2022-05-27 20:30:00,null
2022-05-27 20:45:00,null
2022-05-27 21:00:00,null
2022-05-27 21:15:00,null
2022-05-27 21:30:00,null
2022-05-27 21:45:00,null
2022-05-27 22:00:00,null
2022-05-27 22:15:00,null
2022-05-27 22:30:00,null
2022-05-27 22:45:00,null
2022-05-27 23:00:00,null
2022-05-27 23:15:00,null
2022-05-27 23:30:00,null
2022-05-27 23:45:00,0.0
2022-05-28 00:00:00,null
2022-05-28 00:15:00,null
2022-05-28 00:30:00,null
2022-05-28 00:45:00,null
2022-05-28 01:00:00,null
2022-05-28 01:15:00,null
2022-05-28 01:30:00,null
2022-05-28 01:45:00,null
2022-05-28 02:00:00,null
2022-05-28 02:15:00,null
2022-05-28 02:30:00,null
2022-05-28 02:45:00,null
2022-05-28 03:00:00,null
2022-05-28 03:15:00,null
2022-05-28 03:30:00,null
2022-05-28 03:45:00,null
2022-05-28 04:00:00,null
2022-05-28 04:15:00,null
2022-05-28 04:30:00,null
2022-05-28 04:45:00,null
2022-05-28 05:00:00,null
2022-05-28 05:15:00,0.0
2022-05-28 05:30:00,0.0
2022-05-28 05:45:00,6.0
2022-05-28 06:00:00,11.0
2022-05-28 06:15:00,22.0
2022-05-28 06:30:00,55.0
2022-05-28 06:45:00,86.0
2022-05-28 07:00:00,127.0
2022-05-28 07:15:00,195.0
2022-05-28 07:30:00,218.0
2022-05-28 07:45:00,303.0
2022-05-28 08:00:00,364.0
2022-05-28 08:15:00,382.0
2022-05-28 08:30:00,340.0
2022-05-28 08:45:00,322.0
2022-05-28 09:00:00,371.0
2022-05-28 09:15:00,520.0
2022-05-28 09:30:00,457.0
2022-05-28 09:45:00,538.0
2022-05-28 10:00:00,1117.0
2022-05-28 10:15:00,1162.0
2022-05-28 10:30:00,1235.0
2022-05-28 10:45:00,853.0
2022-05-28 11:00:00,700.0
2022-05-28 11:15:00,645.0
2022-05-28 11:30:00,820.0
2022-05-28 11:45:00,620.0
2022-05-28 12:00:00,1108.0
2022-05-28 12:15:00,799.0
2022-05-28 12:30:00,707.0
2022-05-28 12:45:00,788.0
2022-05-28 13:00:00,893.0
2022-05-28 13:15:00,640.0
2022-05-28 13:30:00,718.0
2022-05-28 13:45:00,635.0
2022-05-28 14:00:00,608.0
2022-05-28 14:15:00,545.0
2022-05-28 14:30:00,718.0
2022-05-28 14:45:00,742.0
2022-05-28 15:00:00,648.0
2022-05-28 15:15:00,572.0
2022-05-28 15:30:00,462.0
2022-05-28 15:45:00,422.0
2022-05-28 16:00:00,327.0
2022-05-28 16:15:00,251.0
2022-05-28 16:30:00,193.0
2022-05-28 16:45:00,172.0
2022-05-28 17:00:00,160.0
2022-05-28 17:15:00,94.0
2022-05-28 17:30:00,84.0
2022-05-28 17:45:00,90.0
2022-05-28 18:00:00,90.0
2022-05-28 18:15:00,124.0
2022-05-28 18:30:00,135.0
2022-05-28 18:45:00,120.0
2022-05-28 19:00:00,121.0
2022-05-28 19:15:00,147.0
2022-05-28 19:30:00,89.0
2022-05-28 19:45:00,46.0
2022-05-28 20:00:00,29.0
2022-05-28 20:15:00,3.0
2022-05-28 20:30:00,null
2022-05-28 20:45:00,null
2022-05-28 21:00:00,null
2022-05-28 21:15:00,null
2022-05-28 21:30:00,null
2022-05-28 21:45:00,null
2022-05-28 22:00:00,null
2022-05-28 22:15:00,null
2022-05-28 22:30:00,null
2022-05-28 22:45:00,null
2022-05-28 23:00:00,null
2022-05-28 23:15:00,null
2022-05-28 23:30:00,null
2022-05-28 23:45:00,null
2022-05-29 00:00:00,null
2022-05-29 00:15:00,null
2022-05-29 00:30:00,null
2022-05-29 00:45:00,null
2022-05-29 01:00:00,null
2022-05-29 01:15:00,null
2022-05-29 01:30:00,null
2022-05-29 01:45:00,null
2022-05-29 02:00:00,null
2022-05-29 02:15:00,null
2022-05-29 02:30:00,null
2022-05-29 02:45:00,null
2022-05-29 03:00:00,null
2022-05-29 03:15:00,null
2022-05-29 03:30:00,null
2022-05-29 03:45:00,null
2022-05-29 04:00:00,null
2022-05-29 04:15:00,null
2022-05-29 04:30:00,null
2022-05-29 04:45:00,null
2022-05-29 05:00:00,null
2022-05-29 05:15:00,null
2022-05-29 05:30:00,0.0
2022-05-29 05:45:00,1.0
2022-05-29 06:00:00,21.0
2022-05-29 06:15:00,40.0
2022-05-29 06:30:00,83.0
2022-05-29 06:45:00,104.0
2022-05-29 07:00:00,244.0
2022-05-29 07:15:00,471.0
2022-05-29 07:30:00,488.0
2022-05-29 07:45:00,682.0
2022-05-29 08:00:00,651.0
2022-05-29 08:15:00,751.0
2022-05-29 08:30:00,832.0
2022-05-29 08:45:00,926.0
2022-05-29 09:00:00,994.0
2022-05-29 09:15:00,1059.0
2022-05-29 09:30:00,1129.0
2022-05-29 09:45:00,1219.0
2022-05-29 10:00:00,1276.0
2022-05-29 10:15:00,1310.0
2022-05-29 10:30:00,1298.0
2022-05-29 10:45:00,1381.0
2022-05-29 11:00:00,1429.0
2022-05-29 11:15:00,1419.0
2022-05-29 11:30:00,1492.0
2022-05-29 11:45:00,1144.0
2022-05-29 12:00:00,480.0
2022-05-29 12:15:00,63.0
2022-05-29 12:30:00,18.0
2022-05-29 12:45:00,30.0
2022-05-29 13:00:00,67.0
2022-05-29 13:15:00,138.0
2022-05-29 13:30:00,210.0
2022-05-29 13:45:00,863.0
2022-05-29 14:00:00,1451.0
2022-05-29 14:15:00,618.0
2022-05-29 14:30:00,206.0
2022-05-29 14:45:00,142.0
2022-05-29 15:00:00,141.0
2022-05-29 15:15:00,297.0
2022-05-29 15:30:00,92.0
2022-05-29 15:45:00,22.0
2022-05-29 16:00:00,103.0
2022-05-29 16:15:00,406.0
2022-05-29 16:30:00,847.0
2022-05-29 16:45:00,649.0
2022-05-29 17:00:00,275.0
2022-05-29 17:15:00,214.0
2022-05-29 17:30:00,223.0
2022-05-29 17:45:00,162.0
2022-05-29 18:00:00,144.0
2022-05-29 18:15:00,129.0
2022-05-29 18:30:00,36.0
2022-05-29 18:45:00,8.0
2022-05-29 19:00:00,6.0
2022-05-29 19:15:00,3.0
2022-05-29 19:30:00,8.0
2022-05-29 19:45:00,0.0
2022-05-29 20:00:00,0.0
2022-05-29 20:15:00,0.0
2022-05-29 20:30:00,null
2022-05-29 20:45:00,null
2022-05-29 21:00:00,null
2022-05-29 21:15:00,null
2022-05-29 21:30:00,null
2022-05-29 21:45:00,null
2022-05-29 22:00:00,null
2022-05-29 22:15:00,null
2022-05-29 22:30:00,null
2022-05-29 22:45:00,null
2022-05-29 23:00:00,null
2022-05-29 23:15:00,null
2022-05-29 23:30:00,null
2022-05-29 23:45:00,0.0
2022-05-30 00:00:00,null
2022-05-30 00:15:00,null
2022-05-30 00:30:00,null
2022-05-30 00:45:00,null
2022-05-30 01:00:00,null
2022-05-30 01:15:00,null
2022-05-30 01:30:00,null
2022-05-30 01:45:00,null
2022-05-30 02:00:00,null
2022-05-30 02:15:00,null
2022-05-30 02:30:00,null
2022-05-30 02:45:00,null
2022-05-30 03:00:00,null
2022-05-30 03:15:00,null
2022-05-30 03:30:00,null
2022-05-30 03:45:00,null
2022-05-30 04:00:00,null
2022-05-30 04:15:00,null
2022-05-30 04:30:00,null
2022-05-30 04:45:00,null
2022-05-30 05:00:00,null
2022-05-30 05:15:00,null
2022-05-30 05:30:00,0.0
2022-05-30 05:45:00,1.0
2022-05-30 06:00:00,13.0
2022-05-30 06:15:00,192.0
2022-05-30 06:30:00,347.0
2022-05-30 06:45:00,436.0
2022-05-30 07:00:00,401.0
2022-05-30 07:15:00,179.0
2022-05-30 07:30:00,296.0
2022-05-30 07:45:00,424.0
2022-05-30 08:00:00,390.0
2022-05-30 08:15:00,306.0
2022-05-30 08:30:00,311.0
2022-05-30 08:45:00,276.0
2022-05-30 09:00:00,385.0
2022-05-30 09:15:00,859.0
2022-05-30 09:30:00,1247.0
2022-05-30 09:45:00,1312.0
2022-05-30 10:00:00,1347.0
2022-05-30 10:15:00,1361.0
2022-05-30 10:30:00,1440.0
2022-05-30 10:45:00,1497.0
2022-05-30 11:00:00,1524.0
2022-05-30 11:15:00,1544.0
2022-05-30 11:30:00,1543.0
2022-05-30 11:45:00,1546.0
2022-05-30 12:00:00,1544.0
2022-05-30 12:15:00,1544.0
2022-05-30 12:30:00,1543.0
2022-05-30 12:45:00,1546.0
2022-05-30 13:00:00,1544.0
2022-05-30 13:15:00,1544.0
2022-05-30 13:30:00,1544.0
2022-05-30 13:45:00,1545.0
2022-05-30 14:00:00,1534.0
2022-05-30 14:15:00,1488.0
2022-05-30 14:30:00,1463.0
2022-05-30 14:45:00,1431.0
2022-05-30 15:00:00,1394.0
2022-05-30 15:15:00,1345.0
2022-05-30 15:30:00,1295.0
2022-05-30 15:45:00,1216.0
2022-05-30 16:00:00,1139.0
2022-05-30 16:15:00,1060.0
2022-05-30 16:30:00,971.0
2022-05-30 16:45:00,865.0
2022-05-30 17:00:00,748.0
2022-05-30 17:15:00,605.0
2022-05-30 17:30:00,447.0
2022-05-30 17:45:00,214.0
2022-05-30 18:00:00,103.0
2022-05-30 18:15:00,73.0
2022-05-30 18:30:00,67.0
2022-05-30 18:45:00,79.0
2022-05-30 19:00:00,46.0
2022-05-30 19:15:00,35.0
2022-05-30 19:30:00,24.0
2022-05-30 19:45:00,15.0
2022-05-30 20:00:00,0.0
2022-05-30 20:15:00,0.0
2022-05-30 20:30:00,0.0
2022-05-30 20:45:00,null
2022-05-30 21:00:00,null
2022-05-30 21:15:00,null
2022-05-30 21:30:00,null
2022-05-30 21:45:00,null
2022-05-30 22:00:00,null
2022-05-30 22:15:00,null
2022-05-30 22:30:00,null
2022-05-30 22:45:00,null
2022-05-30 23:00:00,null
2022-05-30 23:15:00,null
2022-05-30 23:30:00,null
2022-05-30 23:45:00,null
2022-05-31 00:00:00,null
2022-05-31 00:15:00,null
2022-05-31 00:30:00,null
2022-05-31 00:45:00,null
2022-05-31 01:00:00,null
2022-05-31 01:15:00,null
2022-05-31 01:30:00,null
2022-05-31 01:45:00,null
2022-05-31 02:00:00,null
2022-05-31 02:15:00,null
2022-05-31 02:30:00,null
2022-05-31 02:45:00,null
2022-05-31 03:00:00,null
2022-05-31 03:15:00,null
2022-05-31 03:30:00,null
2022-05-31 03:45:00,null
2022-05-31 04:00:00,null
2022-05-31 04:15:00,null
2022-05-31 04:30:00,null
2022-05-31 04:45:00,null
2022-05-31 05:00:00,null
2022-05-31 05:15:00,0.0
2022-05-31 05:30:00,0.0
2022-05-31 05:45:00,0.0
2022-05-31 06:00:00,4.0
2022-05-31 06:15:00,27.0
2022-05-31 06:30:00,61.0
2022-05-31 06:45:00,120.0
2022-05-31 07:00:00,140.0
2022-05-31 07:15:00,222.0
2022-05-31 07:30:00,554.0
2022-05-31 07:45:00,613.0
2022-05-31 08:00:00,730.0
2022-05-31 08:15:00,781.0
2022-05-31 08:30:00,833.0
2022-05-31 08:45:00,971.0
2022-05-31 09:00:00,963.0
2022-05-31 09:15:00,1087.0
2022-05-31 09:30:00,1156.0
2022-05-31 09:45:00,1241.0
2022-05-31 10:00:00,1297.0
2022-05-31 10:15:00,1336.0
2022-05-31 10:30:00,1378.0
2022-05-31 10:45:00,1421.0
2022-05-31 11:00:00,1500.0
2022-05-31 11:15:00,1300.0
2022-05-31 11:30:00,964.0
2022-05-31 11:45:00,1479.0
2022-05-31 12:00:00,1349.0
2022-05-31 12:15:00,1191.0
2022-05-31 12:30:00,723.0
2022-05-31 12:45:00,584.0
2022-05-31 13:00:00,232.0
2022-05-31 13:15:00,213.0
2022-05-31 13:30:00,202.0
2022-05-31 13:45:00,214.0
2022-05-31 14:00:00,153.0
2022-05-31 14:15:00,294.0
2022-05-31 14:30:00,277.0
2022-05-31 14:45:00,233.0
2022-05-31 15:00:00,250.0
2022-05-31 15:15:00,197.0
2022-05-31 15:30:00,87.0
2022-05-31 15:45:00,144.0
2022-05-31 16:00:00,70.0
2022-05-31 16:15:00,59.0
2022-05-31 16:30:00,36.0
2022-05-31 16:45:00,46.0
2022-05-31 17:00:00,35.0
2022-05-31 17:15:00,44.0
2022-05-31 17:30:00,28.0
2022-05-31 17:45:00,17.0
2022-05-31 18:00:00,7.0
2022-05-31 18:15:00,7.0
2022-05-31 18:30:00,0.0
2022-05-31 18:45:00,0.0
2022-05-31 19:00:00,0.0
2022-05-31 19:15:00,0.0
2022-05-31 19:30:00,0.0
2022-05-31 19:45:00,0.0
2022-05-31 20:00:00,null
2022-05-31 20:15:00,null
2022-05-31 20:30:00,null
2022-05-31 20:45:00,null
2022-05-31 21:00:00,null
2022-05-31 21:15:00,null
2022-05-31 21:30:00,null
2022-05-31 21:45:00,null
2022-05-31 22:00:00,null
2022-05-31 22:15:00,null
2022-05-31 22:30:00,null
2022-05-31 22:45:00,null
2022-05-31 23:00:00,null
2022-05-31 23:15:00,null
2022-05-31 23:30:00,null
2022-05-31 23:45:00,0.0
